code;name;location;reference product;categories;ex_name;ex_amount;ex_unit;ex_product;ex_production volume;ex_type;ex_location;database;material_group
0153a1ab7fb39f5bd163721e3bd4a109;lentil production;CA-SK;lentil;;market for zinc;5.36792e-05;kilogram;zinc;0.0;technosphere;GLO;ecoinvent_cutoff_3.9_remind_SSP2-Base_2020;zinc
01d09d4651cf48bab87549b79ee9a87c;distribution pipeline for hydrogen, dedicated hydrogen pipeline;RER;pipeline, for hydrogen distribution;;market for zinc;15.3;kilogram;zinc;;technosphere;GLO;ecoinvent_cutoff_3.9_remind_SSP2-Base_2020;zinc
02fbdebc28ae8a5bf87f167e0797c8da;biomethane production, high pressure from synthetic gas, wood, fluidised technology;CH;biomethane, high pressure;;market for zinc;0.0018694;kilogram;zinc;0.0;technosphere;GLO;ecoinvent_cutoff_3.9_remind_SSP2-Base_2020;zinc
0387196a56eb12762f38ea31ff35839f;primary zinc production from concentrate;RoW;gypsum, mineral;;market for zinc;9.933722257052663e-06;kilogram;zinc;0.0;technosphere;GLO;ecoinvent_cutoff_3.9_remind_SSP2-Base_2020;zinc
03ee13b1165e6715f19b55030dc6e8f4;petroleum refinery operation;CH;light fuel oil;;market for zinc;4.198284984488631e-08;kilogram;zinc;0.0;technosphere;GLO;ecoinvent_cutoff_3.9_remind_SSP2-Base_2020;zinc
0564397dd606a2f669de013ed32473db;treatment of aluminium scrap, new, at refiner;RoW;aluminium, cast alloy;;market for zinc;0.052108544529504065;kilogram;zinc;0.0;technosphere;GLO;ecoinvent_cutoff_3.9_remind_SSP2-Base_2020;zinc
076a319d84c5c0b11a6757cd403318c5;water supply network construction;CH;water supply network;;market for zinc;146.67;kilogram;zinc;0.0;technosphere;GLO;ecoinvent_cutoff_3.9_remind_SSP2-Base_2020;zinc
077792f9a6734364acaece347a503bd5;window frame production, wood-metal, U=1.6 W/m2K;RER;window frame, wood-metal, U=1.6 W/m2K;;market for zinc;0.28966374616791607;kilogram;zinc;0.0;technosphere;GLO;ecoinvent_cutoff_3.9_remind_SSP2-Base_2020;zinc
082f1769136fdaab9f3927b0f0824655;aluminium alloy production, AlMg3;RER;aluminium alloy, AlMg3;;market for zinc;0.00203;kilogram;zinc;0.0;technosphere;GLO;ecoinvent_cutoff_3.9_remind_SSP2-Base_2020;zinc
08605d50e0ef6c7f5107a65deee61dfe;transmission network construction, electricity, high voltage;CH;transmission network, electricity, high voltage;;market for zinc;722.0;kilogram;zinc;0.0;technosphere;GLO;ecoinvent_cutoff_3.9_remind_SSP2-Base_2020;zinc
0adab37436e0b774d747534a16fc7d6e;tanker production, for petroleum;GLO;tanker, for petroleum;;market for zinc;53500.02323;kilogram;zinc;0.0;technosphere;GLO;ecoinvent_cutoff_3.9_remind_SSP2-Base_2020;zinc
13ccf8f43004156da21c53a833e42d41;gold mine operation and refining;SE;copper, cathode;;market for zinc;9.544780390845319e-05;kilogram;zinc;0.0;technosphere;GLO;ecoinvent_cutoff_3.9_remind_SSP2-Base_2020;zinc
13f74c58510ac0ded7494774189942cf;zinc coating, pieces;RoW;zinc coat, pieces;;market for zinc;1.05;kilogram;zinc;0.0;technosphere;GLO;ecoinvent_cutoff_3.9_remind_SSP2-Base_2020;zinc
142ae320baa1e132da2ca23560a56772;gold-silver mine operation with refinery;PG;silver;;market for zinc;0.036878938381512315;kilogram;zinc;0.0;technosphere;GLO;ecoinvent_cutoff_3.9_remind_SSP2-Base_2020;zinc
147e14009a802cd21e750a2c0b7876ba;silver mine operation with extraction;PE;silver, unrefined;;market for zinc;1.1887256042794494;kilogram;zinc;0.0;technosphere;GLO;ecoinvent_cutoff_3.9_remind_SSP2-Base_2020;zinc
1566a36bf28d1bab87d74c7bcf8c9d42;protein pea production;CA-MB;protein pea;;market for zinc;1.0559e-05;kilogram;zinc;0.0;technosphere;GLO;ecoinvent_cutoff_3.9_remind_SSP2-Base_2020;zinc
1608ce808018afb0c784c6021a07d4e2;primary zinc production from concentrate;RoW;sulfur;;market for zinc;0.00010962409653457758;kilogram;zinc;0.0;technosphere;GLO;ecoinvent_cutoff_3.9_remind_SSP2-Base_2020;zinc
178ae88acaf1fe54bedcfa16c770660c;glider production, passenger car;GLO;glider, passenger car;;market for zinc;0.001702;kilogram;zinc;0.0;technosphere;GLO;ecoinvent_cutoff_3.9_remind_SSP2-Base_2020;zinc
18d83a237a3f1d6d38871943808d15c4;treatment of aluminium scrap, new, at refiner;RER;aluminium, cast alloy;;market for zinc;0.052108544529504065;kilogram;zinc;0.0;technosphere;GLO;ecoinvent_cutoff_3.9_remind_SSP2-Base_2020;zinc
19831a588b5eda63cbf7991c89bd2223;gold-silver mine operation with refinery;RoW;silver;;market for zinc;0.03731104781467038;kilogram;zinc;0.0;technosphere;GLO;ecoinvent_cutoff_3.9_remind_SSP2-Base_2020;zinc
19e6685988ef75d7ee4bb1d77057df6b;uranium enrichment centrifuge facility construction;RoW;uranium enrichment centrifuge facility;;market for zinc;33000.0;kilogram;zinc;0.0;technosphere;GLO;ecoinvent_cutoff_3.9_remind_SSP2-Base_2020;zinc
1ac7fdcbaf50cf8939491e52e6cce983;nuclear fuel factory construction;RoW;nuclear fuel factory;;market for zinc;14000.0;kilogram;zinc;0.0;technosphere;GLO;ecoinvent_cutoff_3.9_remind_SSP2-Base_2020;zinc
1c5c182327d3b34ec6a3db5024e60d1a;pesticide production, unspecified;RER;pesticide, unspecified;;market for zinc;0.0017549;kilogram;zinc;0.0;technosphere;GLO;ecoinvent_cutoff_3.9_remind_SSP2-Base_2020;zinc
1cc90188a0e5d51c68ed0cd6853b0d3b;rare earth oxides production, from rare earth oxide concentrate, 70% REO;CN-SC;samarium oxide;;market for zinc;0.0007268623872238636;kilogram;zinc;0.0;technosphere;GLO;ecoinvent_cutoff_3.9_remind_SSP2-Base_2020;zinc
1d5587a1aecf25588f8f2ec1291ce5a9;vegetable oil refinery construction;GLO;vegetable oil refinery;;market for zinc;95556.0;kilogram;zinc;0.0;technosphere;GLO;ecoinvent_cutoff_3.9_remind_SSP2-Base_2020;zinc
1d8c4cb6f53c47799f75faf5d2a04245;mV switch-disconnector cubicle production;RER;mV switch-disconnector cubicle;;market for zinc;0.5;kilogram;zinc;;technosphere;GLO;ecoinvent_cutoff_3.9_remind_SSP2-Base_2020;zinc
1de3e645341d4d2bb306a4272624ed27;photovoltaics, electric installation for 3kWp module, at building;CH;photovoltaic plant, electric installation for 3kWp module;;market for zinc;0.04;kilogram;zinc;;technosphere;GLO;ecoinvent_cutoff_3.9_remind_SSP2-Base_2020;zinc
2164916e666dbcd3e1068846ea8aa699;electric parts production, heat and power co-generation unit, 160kW electrical;RER;electric parts, heat and power co-generation unit, 160kW electrical;;market for zinc;0.154;kilogram;zinc;0.0;technosphere;GLO;ecoinvent_cutoff_3.9_remind_SSP2-Base_2020;zinc
22194ee82bc4a7ecca0602b741523cbc;harvester production;CH;harvester;;market for zinc;0.013;kilogram;zinc;0.0;technosphere;GLO;ecoinvent_cutoff_3.9_remind_SSP2-Base_2020;zinc
2427d31bfd2163a56b359c0ce226760b;motor scooter production;RoW;motor scooter, 50 cubic cm engine;;market for zinc;0.39413;kilogram;zinc;0.0;technosphere;GLO;ecoinvent_cutoff_3.9_remind_SSP2-Base_2020;zinc
246f9c69a38eb39338bc5dc31d33ec61;gold mine operation and refining;SE;silver;;market for zinc;0.008669502171476573;kilogram;zinc;0.0;technosphere;GLO;ecoinvent_cutoff_3.9_remind_SSP2-Base_2020;zinc
25668cd8c0de5d180b911bdd61ff173e;bulk carrier production, for dry goods;GLO;bulk carrier, for dry goods;;market for zinc;76801.0;kilogram;zinc;0.0;technosphere;GLO;ecoinvent_cutoff_3.9_remind_SSP2-Base_2020;zinc
2572430b7d6c00f5230ae6e785dbaf2c;rare earth oxides production, from rare earth oxide concentrate, 70% REO;CN-SC;lanthanum-cerium oxide;;market for zinc;0.0007268623872238638;kilogram;zinc;0.0;technosphere;GLO;ecoinvent_cutoff_3.9_remind_SSP2-Base_2020;zinc
26475499eff5745d774555017cea5b9a;integrated circuit production, memory type;GLO;integrated circuit, memory type;;market for zinc;0.01092;kilogram;zinc;0.0;technosphere;GLO;ecoinvent_cutoff_3.9_remind_SSP2-Base_2020;zinc
28c6bc76f2b716653c9a08b71032cda1;rare earth oxides production, from rare earth oxide concentrate, 70% REO;CN-SC;terbium-dysprosium oxide;;market for zinc;6.475202802672964e-05;kilogram;zinc;0.0;technosphere;GLO;ecoinvent_cutoff_3.9_remind_SSP2-Base_2020;zinc
28e06008393ea8928f04a2f7f1ce790d;silver mine operation with extraction;PE;lead concentrate;;market for zinc;0.001420607212414026;kilogram;zinc;0.0;technosphere;GLO;ecoinvent_cutoff_3.9_remind_SSP2-Base_2020;zinc
2a6c43899b5f1c6566ef4714a8856c5b;primary zinc production from concentrate;RoW;copper, cathode;;market for zinc;0.007094756623654;kilogram;zinc;0.0;technosphere;GLO;ecoinvent_cutoff_3.9_remind_SSP2-Base_2020;zinc
2a92fb4fccfa3161389dd8bfbf2a4691;power block installation, solar tower power plant, 20 MW;ZA;power block, solar tower power plant, 20 MW;;market for zinc;825.0;kilogram;zinc;0.0;technosphere;GLO;ecoinvent_cutoff_3.9_remind_SSP2-Base_2020;zinc
2dff1304d3e07508d0cc0f60edde52b5;electrode production, negative, Ni;GLO;electrode, negative, Ni;;market for zinc;0.03;kilogram;zinc;0.0;technosphere;GLO;ecoinvent_cutoff_3.9_remind_SSP2-Base_2020;zinc
2f1c7e5e9dbbea46985e6b737ce326c9;primary zinc production from concentrate;RoW;cadmium sludge from zinc electrolysis;;market for zinc;0.0019666862089806315;kilogram;zinc;0.0;technosphere;GLO;ecoinvent_cutoff_3.9_remind_SSP2-Base_2020;zinc
2f22a51510529a3089121be3022ba963;chassis production, internet access equipment;RoW;chassis, internet access equipment;;market for zinc;0.001;kilogram;zinc;0.0;technosphere;GLO;ecoinvent_cutoff_3.9_remind_SSP2-Base_2020;zinc
2f5f63de5c1fd106b798ca97046e81bd;nuclear fuel factory construction;US;nuclear fuel factory;;market for zinc;14000.0;kilogram;zinc;0.0;technosphere;GLO;ecoinvent_cutoff_3.9_remind_SSP2-Base_2020;zinc
2f7d4fbfc861bb05b0b64151aae9477e;sugar refinery construction;GLO;sugar refinery;;market for zinc;95556.0;kilogram;zinc;0.0;technosphere;GLO;ecoinvent_cutoff_3.9_remind_SSP2-Base_2020;zinc
30337123852116ee85d1933044d77c0e;offshore platform production, natural gas;GLO;offshore platform, natural gas;;market for zinc;7820.0;kilogram;zinc;0.0;technosphere;GLO;ecoinvent_cutoff_3.9_remind_SSP2-Base_2020;zinc
342b2524e33794153940304ee237d4c1;maintenance, transmission network, electricity, high voltage direct current aerial line;RoW;maintenance, transmission network, electricity, high voltage direct current aerial line;;market for zinc;5.2;kilogram;zinc;0.0;technosphere;GLO;ecoinvent_cutoff_3.9_remind_SSP2-Base_2020;zinc
34823402df659ec76e3c12837abb7e9d;motor scooter production;RER;motor scooter, 50 cubic cm engine;;market for zinc;0.39413;kilogram;zinc;0.0;technosphere;GLO;ecoinvent_cutoff_3.9_remind_SSP2-Base_2020;zinc
34d959358311c13e722d76aa8831a987;primary zinc production from concentrate;RoW;copper sulfate;;market for zinc;0.007490026581817707;kilogram;zinc;0.0;technosphere;GLO;ecoinvent_cutoff_3.9_remind_SSP2-Base_2020;zinc
362810d6aab54ec2ac7d980a277e4a6a;electric installation, 280 kWp photovoltaic plant, at plant;CH;electric installation, 280 kWp photovoltaic plant, at plant;;market for zinc;2.0464;kilogram;zinc;;technosphere;GLO;ecoinvent_cutoff_3.9_remind_SSP2-Base_2020;zinc
36385f6c6a9c22f083597003d5adb767;red kidney bean production;CA-ON;red kidney bean;;market for zinc;0.0004;kilogram;zinc;0.0;technosphere;GLO;ecoinvent_cutoff_3.9_remind_SSP2-Base_2020;zinc
3720b06061171d3435466856cef41454;window frame production, wood, U=1.5 W/m2K;RoW;wood pellet, measured as dry mass;;market for zinc;0.00011059424717262562;kilogram;zinc;0.0;technosphere;GLO;ecoinvent_cutoff_3.9_remind_SSP2-Base_2020;zinc
388022597c628f438836ce48c5729ec8;ethanol fermentation plant construction;RoW;ethanol fermentation plant;;market for zinc;86000.0;kilogram;zinc;0.0;technosphere;GLO;ecoinvent_cutoff_3.9_remind_SSP2-Base_2020;zinc
388b2726666d1a77fb25d9440618eb60;pipeline construction, natural gas, long distance, high capacity, offshore;GLO;pipeline, natural gas, long distance, high capacity, offshore;;market for zinc;175.0;kilogram;zinc;0.0;technosphere;GLO;ecoinvent_cutoff_3.9_remind_SSP2-Base_2020;zinc
38f85fa4c15534314788f7f5418060ac;methanol factory construction;GLO;methanol factory;;market for zinc;1020000.0;kilogram;zinc;0.0;technosphere;GLO;ecoinvent_cutoff_3.9_remind_SSP2-Base_2020;zinc
392765c60c59752706d584d51694b099;window frame production, wood-metal, U=1.6 W/m2K;RER;wood pellet, measured as dry mass;;market for zinc;0.00011651206932914838;kilogram;zinc;0.0;technosphere;GLO;ecoinvent_cutoff_3.9_remind_SSP2-Base_2020;zinc
39637a65852c08973cb0b45962f74e09;hardwood forestry, eucalyptus ssp., planted forest management;RoW;cleft timber, measured as dry mass;;market for zinc;4.07726e-06;kilogram;zinc;0.0;technosphere;GLO;ecoinvent_cutoff_3.9_remind_SSP2-Base_2020;zinc
3a100d777c4fb40ec3246fc91bc34f63;nuclear fuel factory construction;CN;nuclear fuel factory;;market for zinc;14000.0;kilogram;zinc;0.0;technosphere;GLO;ecoinvent_cutoff_3.9_remind_SSP2-Base_2020;zinc
3aebaf0f806472d11c537a02e059b559;offshore platform production, petroleum;GLO;offshore platform, petroleum;;market for zinc;7200.0;kilogram;zinc;0.0;technosphere;GLO;ecoinvent_cutoff_3.9_remind_SSP2-Base_2020;zinc
3bcb366bcc27d2f245651122c5be3869;gold mine operation and refining;SE;zinc;;market for zinc;2.77973750289754e-05;kilogram;zinc;0.0;technosphere;GLO;ecoinvent_cutoff_3.9_remind_SSP2-Base_2020;zinc
3c05488584f94e15b52fc8bb074f72dc;electric installation, 93 kWp photovoltaic plant, at plant;CH;electric installation, 93 kWp photovoltaic plant, at plant;;market for zinc;1.0914;kilogram;zinc;;technosphere;GLO;ecoinvent_cutoff_3.9_remind_SSP2-Base_2020;zinc
3c2db7178843f4ff931ecffbe0e505c3;gold production;AU;gold;;market for zinc;2.8946;kilogram;zinc;0.0;technosphere;GLO;ecoinvent_cutoff_3.9_remind_SSP2-Base_2020;zinc
3dd1937dfad789d9e7661ce91352cc12;petroleum refinery operation;CH;naphtha;;market for zinc;2.2030653953958409e-07;kilogram;zinc;0.0;technosphere;GLO;ecoinvent_cutoff_3.9_remind_SSP2-Base_2020;zinc
3dd23b78d0f180d24081d7be6fb44499;rare earth oxides production, from rare earth oxide concentrate, 70% REO;CN-SC;yttrium oxide;;market for zinc;0.0007898223122440322;kilogram;zinc;0.0;technosphere;GLO;ecoinvent_cutoff_3.9_remind_SSP2-Base_2020;zinc
3ea3ce048ad0200b837aa83e468f237c;glider production, electric scooter;GLO;glider, for electric scooter;;market for zinc;0.004926625;kilogram;zinc;0.0;technosphere;GLO;ecoinvent_cutoff_3.9_remind_SSP2-Base_2020;zinc
3fd1b36cebf009e09c3b31f8acd3e8bd;sodium dithionite production, anhydrous;RoW;sodium dithionite, anhydrous;;market for zinc;0.188;kilogram;zinc;0.0;technosphere;GLO;ecoinvent_cutoff_3.9_remind_SSP2-Base_2020;zinc
40906cf0a1bd75f14f156ac72e6aff7f;power block installation, solar thermal parabolic trough, 50 MW;ZA;power block, solar thermal parabolic trough, 50 MW;;market for zinc;761.0;kilogram;zinc;0.0;technosphere;GLO;ecoinvent_cutoff_3.9_remind_SSP2-Base_2020;zinc
412c4655be6470f547473ba4b85cdeee;tanker production, for liquid goods other than petroleum and liquefied natural gas;GLO;tanker, for liquid goods other than petroleum and liquefied natural gas;;market for zinc;131602.8577;kilogram;zinc;0.0;technosphere;GLO;ecoinvent_cutoff_3.9_remind_SSP2-Base_2020;zinc
415c11b96985fb5adfe9c04f27a23f72;petroleum refinery operation;CH;refinery gas;;market for zinc;5.259440911077724e-08;kilogram;zinc;0.0;technosphere;GLO;ecoinvent_cutoff_3.9_remind_SSP2-Base_2020;zinc
41d2dd72137fec4542d24c48a2c38836;rare earth oxides production, from rare earth oxide concentrate, 70% REO;CN-SC;calcium chloride;;market for zinc;3.1423192864179726e-05;kilogram;zinc;0.0;technosphere;GLO;ecoinvent_cutoff_3.9_remind_SSP2-Base_2020;zinc
429ee8a600b97b759e5a0e9b45d4642f;zinc coating, pieces;RER;zinc coat, pieces;;market for zinc;1.05;kilogram;zinc;0.0;technosphere;GLO;ecoinvent_cutoff_3.9_remind_SSP2-Base_2020;zinc
45561eed9ef3f34bc4e9f01043344380;gold production;US;gold;;market for zinc;2.8946;kilogram;zinc;0.0;technosphere;GLO;ecoinvent_cutoff_3.9_remind_SSP2-Base_2020;zinc
457364de5a2a798f5dd4645f24bdc104;petroleum refinery operation;CH;electricity, high voltage;;market for zinc;3.211546106326835e-08;kilogram;zinc;0.0;technosphere;GLO;ecoinvent_cutoff_3.9_remind_SSP2-Base_2020;zinc
4771641e81c86ec8084a04a30613f45b;potentiometer production, unspecified;GLO;potentiometer, unspecified;;market for zinc;0.008733;kilogram;zinc;0.0;technosphere;GLO;ecoinvent_cutoff_3.9_remind_SSP2-Base_2020;zinc
47c42108a24e69fe2233d824322a8b81;petroleum refinery operation;CH;sulfur;;market for zinc;1.813775853710541e-08;kilogram;zinc;0.0;technosphere;GLO;ecoinvent_cutoff_3.9_remind_SSP2-Base_2020;zinc
4977b6ea7b611d969978677860a16630;container ship production;GLO;container ship;;market for zinc;125000.9048;kilogram;zinc;0.0;technosphere;GLO;ecoinvent_cutoff_3.9_remind_SSP2-Base_2020;zinc
4a20058c844cd48ad2e0510264f89632;magnesium-alloy production, AZ91;RER;magnesium-alloy, AZ91;;market for zinc;0.00711;kilogram;zinc;0.0;technosphere;GLO;ecoinvent_cutoff_3.9_remind_SSP2-Base_2020;zinc
4aa372ac74e13ace89610b28dd93163a;dithiocarbamate-compound production;RoW;dithiocarbamate-compound;;market for zinc;0.13337;kilogram;zinc;0.0;technosphere;GLO;ecoinvent_cutoff_3.9_remind_SSP2-Base_2020;zinc
4ae92d2cb4944678a337fd5b39ef5abf;electric installation, 1.3 MWp photovoltaic plant, at plant;CH;electric installation, 1.3 MWp photovoltaic plant, at plant;;market for zinc;15.007;kilogram;zinc;;technosphere;GLO;ecoinvent_cutoff_3.9_remind_SSP2-Base_2020;zinc
4bd99f0c0f98af5564c326d2e5c7f961;door production, inner, glass-wood;RER;door, inner, glass-wood;;market for zinc;0.00054;kilogram;zinc;0.0;technosphere;GLO;ecoinvent_cutoff_3.9_remind_SSP2-Base_2020;zinc
4c4f7ca9062f5f38fe7c02bd57ce2fbd;ceramic tile production;CH;ceramic tile;;market for zinc;0.00339;kilogram;zinc;0.0;technosphere;GLO;ecoinvent_cutoff_3.9_remind_SSP2-Base_2020;zinc
4c94f5737fa7f9742ccb9b810c7162ea;methanol production;GLO;methanol;;market for zinc;3e-05;kilogram;zinc;0.0;technosphere;GLO;ecoinvent_cutoff_3.9_remind_SSP2-Base_2020;zinc
4d80612b04fd3a4881a32cced82f6dba;liquid manure tank trailer production;CH;liquid manure tank trailer;;market for zinc;0.024;kilogram;zinc;0.0;technosphere;GLO;ecoinvent_cutoff_3.9_remind_SSP2-Base_2020;zinc
4f9641c74b06e6014a05dfa682d8e61c;panel glass production, for cathode ray tube display;GLO;panel glass, for cathode ray tube display;;market for zinc;0.00833;kilogram;zinc;0.0;technosphere;GLO;ecoinvent_cutoff_3.9_remind_SSP2-Base_2020;zinc
50e8e8c01ad08a1568f82ffa12650579;power block installation, solar thermal parabolic trough, 50 MW;RoW;power block, solar thermal parabolic trough, 50 MW;;market for zinc;761.0;kilogram;zinc;0.0;technosphere;GLO;ecoinvent_cutoff_3.9_remind_SSP2-Base_2020;zinc
518e38e65896f19024b20b6c5b097d1e;window frame production, wood-metal, U=1.6 W/m2K;RoW;wood pellet, measured as dry mass;;market for zinc;0.00011651206932914838;kilogram;zinc;0.0;technosphere;GLO;ecoinvent_cutoff_3.9_remind_SSP2-Base_2020;zinc
5367e00a48c6b150866aa31205f61c58;primary zinc production from concentrate;RoW;cadmium;;market for zinc;0.0024583577612257847;kilogram;zinc;0.0;technosphere;GLO;ecoinvent_cutoff_3.9_remind_SSP2-Base_2020;zinc
53908dc15b057d25d490159e03b9eb08;gold mine operation with extraction;PE;gold-silver, ingot;;market for zinc;2.07335770765821;kilogram;zinc;0.0;technosphere;GLO;ecoinvent_cutoff_3.9_remind_SSP2-Base_2020;zinc
53dca4202569564d0e6490b82d0dacdc;phthalimide-compound production;RoW;phthalimide-compound;;market for zinc;0.0078456;kilogram;zinc;0.0;technosphere;GLO;ecoinvent_cutoff_3.9_remind_SSP2-Base_2020;zinc
541ea9848499e639d86b207897cf08d5;brazing solder production, cadmium free;RoW;brazing solder, cadmium free;;market for zinc;0.404;kilogram;zinc;0.0;technosphere;GLO;ecoinvent_cutoff_3.9_remind_SSP2-Base_2020;zinc
5448bdddc4bbed613fe26bb4544af6ec;treatment of aluminium scrap, post-consumer, prepared for recycling, at refiner;RER;aluminium, cast alloy;;market for zinc;0.052108544529504065;kilogram;zinc;0.0;technosphere;GLO;ecoinvent_cutoff_3.9_remind_SSP2-Base_2020;zinc
5455918835b8b14a6d1adde18a1b1992;gold-silver mine operation and beneficiation;CA-QC;zinc concentrate;;market for zinc;0.0015786067371856786;kilogram;zinc;0.0;technosphere;GLO;ecoinvent_cutoff_3.9_remind_SSP2-Base_2020;zinc
55b91a957f80ed050b40c676dc1b8684;fava bean production;CA-SK;fava bean;;market for zinc;0.0032;kilogram;zinc;0.0;technosphere;GLO;ecoinvent_cutoff_3.9_remind_SSP2-Base_2020;zinc
56145a5b028c85594eb182ec4ffa4f7e;sodium dithionite production, anhydrous;RER;sodium dithionite, anhydrous;;market for zinc;0.188;kilogram;zinc;0.0;technosphere;GLO;ecoinvent_cutoff_3.9_remind_SSP2-Base_2020;zinc
56848fdd9a23458bc5aba04728660eae;gold production;CA;gold;;market for zinc;2.8946;kilogram;zinc;0.0;technosphere;GLO;ecoinvent_cutoff_3.9_remind_SSP2-Base_2020;zinc
59d0508f8108714e1d9da150ea33ebd4;protein pea production;CA-SK;protein pea;;market for zinc;2.48336e-05;kilogram;zinc;0.0;technosphere;GLO;ecoinvent_cutoff_3.9_remind_SSP2-Base_2020;zinc
59e331bba7184a6c143e57119ec11925;gold-silver mine operation and beneficiation;CA-QC;gold-silver, ingot;;market for zinc;9.711782288306102;kilogram;zinc;0.0;technosphere;GLO;ecoinvent_cutoff_3.9_remind_SSP2-Base_2020;zinc
5bb45947509ff4b70d7a9b5eab904afa;window frame production, wood, U=1.5 W/m2K;RoW;window frame, wood, U=1.5 W/m2K;;market for zinc;0.2896808250026598;kilogram;zinc;0.0;technosphere;GLO;ecoinvent_cutoff_3.9_remind_SSP2-Base_2020;zinc
5ed05d603aeec363128bb90b801055e6;titanium zinc plate production, without pre-weathering;DE;titanium zinc plate, without pre-weathering;;market for zinc;1.06;kilogram;zinc;0.0;technosphere;GLO;ecoinvent_cutoff_3.9_remind_SSP2-Base_2020;zinc
6053ffec2055cbe9e9f53e276a90a553;brazing solder production, cadmium free;RER;brazing solder, cadmium free;;market for zinc;0.404;kilogram;zinc;0.0;technosphere;GLO;ecoinvent_cutoff_3.9_remind_SSP2-Base_2020;zinc
60663e2e2a925717290582d94066eefd;silicone product production;RoW;silicone product;;market for zinc;9.8647e-06;kilogram;zinc;0.0;technosphere;GLO;ecoinvent_cutoff_3.9_remind_SSP2-Base_2020;zinc
66caaa3f5a91c2597f8dc5b97056a78a;pipeline construction, petroleum, offshore;GLO;pipeline, petroleum, offshore;;market for zinc;175.0;kilogram;zinc;0.0;technosphere;GLO;ecoinvent_cutoff_3.9_remind_SSP2-Base_2020;zinc
67787c1e178d3e726df40ec75c0cb19f;capacitor production, film type, for through-hole mounting;GLO;capacitor, film type, for through-hole mounting;;market for zinc;0.12432;kilogram;zinc;0.0;technosphere;GLO;ecoinvent_cutoff_3.9_remind_SSP2-Base_2020;zinc
68053091bc1ad58262235309f255beb8;electric parts production, heat and power co-generation unit, 160kW electrical;RoW;electric parts, heat and power co-generation unit, 160kW electrical;;market for zinc;0.154;kilogram;zinc;0.0;technosphere;GLO;ecoinvent_cutoff_3.9_remind_SSP2-Base_2020;zinc
6816483bfa4623c1237d46282a641353;primary zinc production from concentrate;RoW;sulfur dioxide, liquid;;market for zinc;0.00026026352313477974;kilogram;zinc;0.0;technosphere;GLO;ecoinvent_cutoff_3.9_remind_SSP2-Base_2020;zinc
6a8fe1489a9a6f6be079935f2598f30d;methanol production, from synthetic gas;CH;methanol, from biomass;;market for zinc;3e-05;kilogram;zinc;0.0;technosphere;GLO;ecoinvent_cutoff_3.9_remind_SSP2-Base_2020;zinc
6e131ddb28b14fd4b779b834760d5e15;power electronics, for lorry;RER;power electronics, for lorry;;market for zinc;0.004371788;kilogram;zinc;;technosphere;GLO;ecoinvent_cutoff_3.9_remind_SSP2-Base_2020;zinc
6e85d4089aee40e8b3fe4d9d0b964765;electric installation, 156 kWp photovoltaic plant, at plant;CH;electric installation, 156 kWp photovoltaic plant, at plant;;market for zinc;1.3643;kilogram;zinc;;technosphere;GLO;ecoinvent_cutoff_3.9_remind_SSP2-Base_2020;zinc
6f3374b69f32d823547366396ccd3ede;maintenance, transmission network, electricity, high voltage direct current aerial line;RER;maintenance, transmission network, electricity, high voltage direct current aerial line;;market for zinc;5.2;kilogram;zinc;0.0;technosphere;GLO;ecoinvent_cutoff_3.9_remind_SSP2-Base_2020;zinc
6f6c798698874268c2813c6068ce0bad;silicone product production;RER;silicone product;;market for zinc;9.8647e-06;kilogram;zinc;0.0;technosphere;GLO;ecoinvent_cutoff_3.9_remind_SSP2-Base_2020;zinc
70385b6906939453cf390376e22eee01;primary zinc production from concentrate;RoW;lead concentrate;;market for zinc;0.0007470159137303601;kilogram;zinc;0.0;technosphere;GLO;ecoinvent_cutoff_3.9_remind_SSP2-Base_2020;zinc
72a62a903cd7636fcd3f739bc874de27;primary zinc production from concentrate;RoW;indium rich leaching residues, from zinc production;;market for zinc;8.54300114106529e-06;kilogram;zinc;0.0;technosphere;GLO;ecoinvent_cutoff_3.9_remind_SSP2-Base_2020;zinc
72c98b3ca11f466f0c829261e679e08d;mancozeb production;RER;mancozeb;;market for zinc;0.13337;kilogram;zinc;0.0;technosphere;GLO;ecoinvent_cutoff_3.9_remind_SSP2-Base_2020;zinc
7389399a70d668768b93f91ca02ba3c7;methanol production, from synthetic gas;RoW;methanol, from biomass;;market for zinc;3e-05;kilogram;zinc;0.0;technosphere;GLO;ecoinvent_cutoff_3.9_remind_SSP2-Base_2020;zinc
745b75ac6f50fb908ce0e66270d25ce0;tractor production, 4-wheel, agricultural;CH;tractor, 4-wheel, agricultural;;market for zinc;0.012;kilogram;zinc;0.0;technosphere;GLO;ecoinvent_cutoff_3.9_remind_SSP2-Base_2020;zinc
7468ff03af7122a110a8b67a615984dd;water supply network construction;RoW;water supply network;;market for zinc;146.67;kilogram;zinc;0.0;technosphere;GLO;ecoinvent_cutoff_3.9_remind_SSP2-Base_2020;zinc
74e3dc4bf91d7bb39582cf906e8f968d;electric parts production, mini CHP plant;CH;electric parts, mini CHP plant;;market for zinc;0.04;kilogram;zinc;0.0;technosphere;GLO;ecoinvent_cutoff_3.9_remind_SSP2-Base_2020;zinc
74f2cacce53f906d8b8e18498ec408e6;window frame production, wood, U=1.5 W/m2K;RER;window frame, wood, U=1.5 W/m2K;;market for zinc;0.2896808250026598;kilogram;zinc;0.0;technosphere;GLO;ecoinvent_cutoff_3.9_remind_SSP2-Base_2020;zinc
7564a6927015f57edff3c83d635db0a9;window frame production, wood-metal, U=1.6 W/m2K;RoW;window frame, wood-metal, U=1.6 W/m2K;;market for zinc;0.28966374616791607;kilogram;zinc;0.0;technosphere;GLO;ecoinvent_cutoff_3.9_remind_SSP2-Base_2020;zinc
76b7480122cbecd22de2a62e5e03e298;wind turbine construction, 2MW, onshore;GLO;wind turbine, 2MW, onshore;;market for zinc;203.0;kilogram;zinc;0.0;technosphere;GLO;ecoinvent_cutoff_3.9_remind_SSP2-Base_2020;zinc
778233d8a3e8a609f77b2908f1218403;fuel cell production, solid oxide, 125kW electrical, future;CH;fuel cell, solid oxide, 125kW electrical, future;;market for zinc;1.25;kilogram;zinc;0.0;technosphere;GLO;ecoinvent_cutoff_3.9_remind_SSP2-Base_2020;zinc
77df540a6971adbc97a50cb2216acb4c;pesticide production, unspecified;RoW;pesticide, unspecified;;market for zinc;0.0017549;kilogram;zinc;0.0;technosphere;GLO;ecoinvent_cutoff_3.9_remind_SSP2-Base_2020;zinc
77f7e7d18761fe31b0d2772a12879239;primary zinc production from concentrate;RoW;heat, from steam, in chemical industry;;market for zinc;2.862940281053871e-05;kilogram;zinc;0.0;technosphere;GLO;ecoinvent_cutoff_3.9_remind_SSP2-Base_2020;zinc
799e3d3083ef95830b1309a386dae4a9;harvester production;RoW;harvester;;market for zinc;0.013;kilogram;zinc;0.0;technosphere;GLO;ecoinvent_cutoff_3.9_remind_SSP2-Base_2020;zinc
7d255f9c37803616182abf5b72b63f2d;gold-silver mine operation with refinery;RoW;gold;;market for zinc;2.890536142635193;kilogram;zinc;0.0;technosphere;GLO;ecoinvent_cutoff_3.9_remind_SSP2-Base_2020;zinc
7d8f60cd2b971eef99112e138089e4c9;uranium enrichment centrifuge facility construction;RU;uranium enrichment centrifuge facility;;market for zinc;33000.0;kilogram;zinc;0.0;technosphere;GLO;ecoinvent_cutoff_3.9_remind_SSP2-Base_2020;zinc
7e2f728122151192e9b5c6de0bd68eff;gold production;TZ;gold;;market for zinc;2.8946;kilogram;zinc;0.0;technosphere;GLO;ecoinvent_cutoff_3.9_remind_SSP2-Base_2020;zinc
7e67f7928fc76e3a24a4729178000b15;cyclohexanone production;RER;cyclohexanone;;market for zinc;0.00060185;kilogram;zinc;0.0;technosphere;GLO;ecoinvent_cutoff_3.9_remind_SSP2-Base_2020;zinc
7ea3af13020550a1fd2b09f4ed9b3027;petroleum refinery operation;CH;heavy fuel oil;;market for zinc;1.1111236050929171e-07;kilogram;zinc;0.0;technosphere;GLO;ecoinvent_cutoff_3.9_remind_SSP2-Base_2020;zinc
7eaad144c08e24de0e2c1a0822bde079;microwave oven production;GLO;microwave oven;;market for zinc;0.0006;kilogram;zinc;0.0;technosphere;GLO;ecoinvent_cutoff_3.9_remind_SSP2-Base_2020;zinc
7f122fa9dd18470ef454dfd244e743ad;fava bean production;RoW;fava bean;;market for zinc;0.0011838260757766;kilogram;zinc;0.0;technosphere;GLO;ecoinvent_cutoff_3.9_remind_SSP2-Base_2020;zinc
7f2f678d60732dcf84e503054e2ed2e7;nuclear spent fuel reprocessing facility construction;RER;nuclear spent fuel reprocessing facility;;market for zinc;65000.0;kilogram;zinc;0.0;technosphere;GLO;ecoinvent_cutoff_3.9_remind_SSP2-Base_2020;zinc
7ff4f8f92607aa7af58939da0e2696e7;red kidney bean production;RoW;red kidney bean;;market for zinc;0.000241976633480062;kilogram;zinc;0.0;technosphere;GLO;ecoinvent_cutoff_3.9_remind_SSP2-Base_2020;zinc
805fa864d6ef3092ca19e9a09294aa65;gold-silver mine operation and beneficiation;CA-QC;lead concentrate;;market for zinc;0.0015619898241626714;kilogram;zinc;0.0;technosphere;GLO;ecoinvent_cutoff_3.9_remind_SSP2-Base_2020;zinc
808885e76f31082dfaa519928b0fee16;photovoltaics, electric installation for 570kWp module, open ground;GLO;photovoltaics, electric installation for 570kWp module, open ground;;market for zinc;2.7285;kilogram;zinc;0.0;technosphere;GLO;ecoinvent_cutoff_3.9_remind_SSP2-Base_2020;zinc
8094369cebd08e103df286a542772d9a;rare earth oxides production, from rare earth oxide concentrate, 70% REO;CN-SC;europium oxide;;market for zinc;8.664877444831283e-05;kilogram;zinc;0.0;technosphere;GLO;ecoinvent_cutoff_3.9_remind_SSP2-Base_2020;zinc
814ee5af40bc5e139ec55f49c2668c0c;window frame production, poly vinyl chloride, U=1.6 W/m2K;RoW;window frame, poly vinyl chloride, U=1.6 W/m2K;;market for zinc;0.325;kilogram;zinc;0.0;technosphere;GLO;ecoinvent_cutoff_3.9_remind_SSP2-Base_2020;zinc
84aed9da6297c8bf1c8353b7a66122e1;battery production, NiMH, rechargeable, prismatic;GLO;battery, NiMH, rechargeable, prismatic;;market for zinc;3.6223e-08;kilogram;zinc;0.0;technosphere;GLO;ecoinvent_cutoff_3.9_remind_SSP2-Base_2020;zinc
84d36a319a2b5af528e3f37d7af5a1fe;zinc coating, coils;RoW;zinc coat, coils;;market for zinc;0.679;kilogram;zinc;0.0;technosphere;GLO;ecoinvent_cutoff_3.9_remind_SSP2-Base_2020;zinc
86156d2c70aef7176e380735fb59009f;cookstove production, gas or electric;GLO;cookstove;;market for zinc;0.2;kilogram;zinc;0.0;technosphere;GLO;ecoinvent_cutoff_3.9_remind_SSP2-Base_2020;zinc
883b45be5d99e412f1a2e4744c1462e9;gold-silver mine operation with refinery;PG;gold;;market for zinc;2.8570600542572637;kilogram;zinc;0.0;technosphere;GLO;ecoinvent_cutoff_3.9_remind_SSP2-Base_2020;zinc
88c77cd46746a1b8f5d242d544df9055;ceramic tile production;RoW;ceramic tile;;market for zinc;0.00339;kilogram;zinc;0.0;technosphere;GLO;ecoinvent_cutoff_3.9_remind_SSP2-Base_2020;zinc
8c0a62935bb20badf656f6c54d2118d9;gold mine operation and refining;SE;gold;;market for zinc;0.6716377811146365;kilogram;zinc;0.0;technosphere;GLO;ecoinvent_cutoff_3.9_remind_SSP2-Base_2020;zinc
8d1dfedcfe91ab85852d91e964f7d849;rare earth oxides production, from rare earth oxide concentrate, 70% REO;CN-SC;iron ore concentrate;;market for zinc;1.164653259331106e-05;kilogram;zinc;0.0;technosphere;GLO;ecoinvent_cutoff_3.9_remind_SSP2-Base_2020;zinc
8d219eca0a4a98126ad38ea18f2db579;aluminium alloy production, AlMg3;RoW;aluminium alloy, AlMg3;;market for zinc;0.00203;kilogram;zinc;0.0;technosphere;GLO;ecoinvent_cutoff_3.9_remind_SSP2-Base_2020;zinc
8ebdcddc3b459d733b720f7fe6c403b7;primary zinc production from concentrate;RoW;cobalt;;market for zinc;0.05268218110100019;kilogram;zinc;0.0;technosphere;GLO;ecoinvent_cutoff_3.9_remind_SSP2-Base_2020;zinc
8f9e0579041ee7d7218eb99a63c86063;gold mine operation and gold production, unrefined;ZA;gold, unrefined;;market for zinc;2.8946;kilogram;zinc;0.0;technosphere;GLO;ecoinvent_cutoff_3.9_remind_SSP2-Base_2020;zinc
91411727c0d89d56394d80d5b50c2a8f;pinto bean production;RoW;pinto bean;;market for zinc;0.0118655520823598;kilogram;zinc;0.0;technosphere;GLO;ecoinvent_cutoff_3.9_remind_SSP2-Base_2020;zinc
9349d4b9233dfc30da8da222463612f3;ethanol fermentation plant construction;CH;ethanol fermentation plant;;market for zinc;86000.0;kilogram;zinc;0.0;technosphere;GLO;ecoinvent_cutoff_3.9_remind_SSP2-Base_2020;zinc
93f540de58b9d86456755cdd1e7150ef;almond production;CN;almond;;market for zinc;0.00201014121431;kilogram;zinc;0.0;technosphere;GLO;ecoinvent_cutoff_3.9_remind_SSP2-Base_2020;zinc
965d8bd44fedfb903bdb753b143579ed;chassis production, internet access equipment;RER;chassis, internet access equipment;;market for zinc;0.001;kilogram;zinc;0.0;technosphere;GLO;ecoinvent_cutoff_3.9_remind_SSP2-Base_2020;zinc
97f948fcdb27060e52de337c46879b8e;power adapter production, for smartphone;GLO;power adapter, for smartphone;;market for zinc;0.0012;kilogram;zinc;0.0;technosphere;GLO;ecoinvent_cutoff_3.9_remind_SSP2-Base_2020;zinc
983f25cf60448f648c7eeb606944a629;power block installation, solar tower power plant, 20 MW;RoW;power block, solar tower power plant, 20 MW;;market for zinc;825.0;kilogram;zinc;0.0;technosphere;GLO;ecoinvent_cutoff_3.9_remind_SSP2-Base_2020;zinc
99878f38a5748825cc0df72fce3f7cbd;rare earth oxides production, from rare earth oxide concentrate, 70% REO;CN-SC;sodium chloride, powder;;market for zinc;1.9538054740005428e-05;kilogram;zinc;0.0;technosphere;GLO;ecoinvent_cutoff_3.9_remind_SSP2-Base_2020;zinc
9a6e80195aa0fbc7e69c76da8148b4de;wind turbine construction, 750kW, onshore;CA-QC;wind turbine, 750kW, onshore;;market for zinc;203.0;kilogram;zinc;0.0;technosphere;GLO;ecoinvent_cutoff_3.9_remind_SSP2-Base_2020;zinc
9b64f7eae91b97d7bf607e6aaf893cc1;mancozeb production;RoW;mancozeb;;market for zinc;0.13337;kilogram;zinc;0.0;technosphere;GLO;ecoinvent_cutoff_3.9_remind_SSP2-Base_2020;zinc
9d848e5a5267818544c92dc653ee6e8e;petroleum refinery operation;CH;kerosene;;market for zinc;7.376867974045545e-08;kilogram;zinc;0.0;technosphere;GLO;ecoinvent_cutoff_3.9_remind_SSP2-Base_2020;zinc
9e23ac7184b57244ac86bc81efb5a9ea;seed-cotton production, conventional;BD;seed-cotton;;market for zinc;0.0037112;kilogram;zinc;0.0;technosphere;GLO;ecoinvent_cutoff_3.9_remind_SSP2-Base_2020;zinc
9e39ca79ca9d4e769e1f81226e45b37e;electric installation, 450 kWp photovoltaic plant, at plant;DE;electric installation, 450 kWp photovoltaic plant, at plant;;market for zinc;2.7285;kilogram;zinc;;technosphere;GLO;ecoinvent_cutoff_3.9_remind_SSP2-Base_2020;zinc
9edfe11b13eb77bbec25bf6cedd4fa66;brass production;CH;brass;;market for zinc;0.303;kilogram;zinc;0.0;technosphere;GLO;ecoinvent_cutoff_3.9_remind_SSP2-Base_2020;zinc
9f01dc83b31c815ff554fe7189874241;magnesium-alloy production, AZ91;RoW;magnesium-alloy, AZ91;;market for zinc;0.00711;kilogram;zinc;0.0;technosphere;GLO;ecoinvent_cutoff_3.9_remind_SSP2-Base_2020;zinc
9f5c2cc5f317d90a1fa0ea883ed163c0;silver-gold mine operation with refinery;RoW;gold;;market for zinc;1.9511931045749311;kilogram;zinc;0.0;technosphere;GLO;ecoinvent_cutoff_3.9_remind_SSP2-Base_2020;zinc
9f86d0595cbfb3e0a9c34c9d57f81c6e;almond production;US;almond;;market for zinc;0.00175570033405;kilogram;zinc;0.0;technosphere;GLO;ecoinvent_cutoff_3.9_remind_SSP2-Base_2020;zinc
a2e01943aaf5ec1539000a433185a92e;wind turbine construction, 750kW, onshore;RoW;wind turbine, 750kW, onshore;;market for zinc;203.0;kilogram;zinc;0.0;technosphere;GLO;ecoinvent_cutoff_3.9_remind_SSP2-Base_2020;zinc
a344462f42ad9bfd317059c6a3e0e51f;primary zinc production from concentrate;RoW;ammonium sulfate;;market for zinc;0.0007549628915360023;kilogram;zinc;0.0;technosphere;GLO;ecoinvent_cutoff_3.9_remind_SSP2-Base_2020;zinc
a4048166c7d52473e19d4db393d1ee93;ferry production;GLO;ferry;;market for zinc;25365.19544;kilogram;zinc;0.0;technosphere;GLO;ecoinvent_cutoff_3.9_remind_SSP2-Base_2020;zinc
a5326811417e1c3fd0459dfb7446fb4e;door production, inner, wood;RoW;door, inner, wood;;market for zinc;0.00054;kilogram;zinc;0.0;technosphere;GLO;ecoinvent_cutoff_3.9_remind_SSP2-Base_2020;zinc
a955a92e4e0948d0830616075f16d6f3;open ground construction, on ground, Mont Soleil;CH;open ground construction, on ground, Mont Soleil;;market for zinc;2.6224;kilogram;zinc;;technosphere;GLO;ecoinvent_cutoff_3.9_remind_SSP2-Base_2020;zinc
aa5fd4c3c9e076ac4e2876c4fc3badd2;transmission network construction, electricity, high voltage direct current aerial line;RoW;transmission network, electricity, high voltage direct current aerial line;;market for zinc;520.0;kilogram;zinc;0.0;technosphere;GLO;ecoinvent_cutoff_3.9_remind_SSP2-Base_2020;zinc
aa89528570a217d1648075dc6605646b;protein pea production;CA-AB;protein pea;;market for zinc;1.53852e-07;kilogram;zinc;0.0;technosphere;GLO;ecoinvent_cutoff_3.9_remind_SSP2-Base_2020;zinc
ab296d480b759da0ceae7cd31421e499;biomethane production, high pressure from synthetic gas, wood, fixed bed technology;RoW;biomethane, high pressure;;market for zinc;0.0018694;kilogram;zinc;0.0;technosphere;GLO;ecoinvent_cutoff_3.9_remind_SSP2-Base_2020;zinc
ac93c28e925a7b39cc05e71c24060277;maintenance, solid oxide fuel cell 125kW electrical, future;RoW;maintenance, solid oxide fuel cell, 125kW electrical, future;;market for zinc;1.25;kilogram;zinc;0.0;technosphere;GLO;ecoinvent_cutoff_3.9_remind_SSP2-Base_2020;zinc
ace62218113bd7acc90b4f255cca6b24;1,1-difluoroethane production, HFC-152a;RoW;1,1-difluoroethane, HFC-152a;;market for zinc;0.0019676;kilogram;zinc;0.0;technosphere;GLO;ecoinvent_cutoff_3.9_remind_SSP2-Base_2020;zinc
ace8a8b1af868a2bbbd41948343c8139;rare earth oxides production, from rare earth oxide concentrate, 70% REO;CN-SC;lanthanum oxide;;market for zinc;0.0008770752542991172;kilogram;zinc;0.0;technosphere;GLO;ecoinvent_cutoff_3.9_remind_SSP2-Base_2020;zinc
ae60fb191aa7da053b24b4ca3db9dae9;tanker production, for liquefied natural gas;GLO;tanker, for liquefied natural gas;;market for zinc;54487.16895;kilogram;zinc;0.0;technosphere;GLO;ecoinvent_cutoff_3.9_remind_SSP2-Base_2020;zinc
af57a33bfb4349e294ad00dfa4f7b99d;liquid manure tank trailer production;RoW;liquid manure tank trailer;;market for zinc;0.024;kilogram;zinc;0.0;technosphere;GLO;ecoinvent_cutoff_3.9_remind_SSP2-Base_2020;zinc
b0d70c147eb7c978befe9a68571bcf7d;gold-silver mine operation and beneficiation;CA-QC;copper concentrate, sulfide ore;;market for zinc;0.0034903839241460324;kilogram;zinc;0.0;technosphere;GLO;ecoinvent_cutoff_3.9_remind_SSP2-Base_2020;zinc
b29cec13dfb78315ff9a9ac9c29218f9;zinc coating, pieces, adjustment per micro-m;RoW;zinc coat, pieces, adjustment per micro-m;;market for zinc;0.0154;kilogram;zinc;0.0;technosphere;GLO;ecoinvent_cutoff_3.9_remind_SSP2-Base_2020;zinc
b2d2dc5f727f613a42c88ef8e23a80c8;titanium zinc plate production, without pre-weathering;RoW;titanium zinc plate, without pre-weathering;;market for zinc;1.06;kilogram;zinc;0.0;technosphere;GLO;ecoinvent_cutoff_3.9_remind_SSP2-Base_2020;zinc
b32fbcf2c7785b8e7c5e4532309790a5;brass production;RoW;brass;;market for zinc;0.303;kilogram;zinc;0.0;technosphere;GLO;ecoinvent_cutoff_3.9_remind_SSP2-Base_2020;zinc
b42642b41f907c4b302fe026ca81f405;petroleum refinery operation;CH;petrol, unleaded;;market for zinc;2.2625065691655982e-07;kilogram;zinc;0.0;technosphere;GLO;ecoinvent_cutoff_3.9_remind_SSP2-Base_2020;zinc
b448e40c35a243fcb4b496ea9af86764;transmission pipeline for hydrogen, dedicated hydrogen pipeline;RER;pipeline, for hydrogen transmission;;market for zinc;51.1;kilogram;zinc;;technosphere;GLO;ecoinvent_cutoff_3.9_remind_SSP2-Base_2020;zinc
b4df393a8513410c47bece5dce94f0cc;almond production;RoW;almond;;market for zinc;0.00176199171387;kilogram;zinc;0.0;technosphere;GLO;ecoinvent_cutoff_3.9_remind_SSP2-Base_2020;zinc
b4ffb218d372a744662be755203ccfa6;silver-gold mine operation with refinery;CL;silver;;market for zinc;0.02518600551179424;kilogram;zinc;0.0;technosphere;GLO;ecoinvent_cutoff_3.9_remind_SSP2-Base_2020;zinc
b79719b135837cd7c0cc462514506808;rare earth oxides production, from rare earth oxide concentrate, 70% REO;CN-SC;calcium carbonate, precipitated;;market for zinc;0.00011272446963975586;kilogram;zinc;0.0;technosphere;GLO;ecoinvent_cutoff_3.9_remind_SSP2-Base_2020;zinc
ba6b7f905075f479591950d35fb09235;transmission network construction, electricity, high voltage direct current aerial line;RER;transmission network, electricity, high voltage direct current aerial line;;market for zinc;520.0;kilogram;zinc;0.0;technosphere;GLO;ecoinvent_cutoff_3.9_remind_SSP2-Base_2020;zinc
ba86478dc23b219cebe6879d985bbf99;pinto bean production;CA-MB;pinto bean;;market for zinc;0.0152;kilogram;zinc;0.0;technosphere;GLO;ecoinvent_cutoff_3.9_remind_SSP2-Base_2020;zinc
bbc1da3206db48b2346c5a80ea9699d6;treatment of aluminium scrap, new, at refiner;RER;aluminium oxide, non-metallurgical;;market for zinc;0.011223378821739339;kilogram;zinc;0.0;technosphere;GLO;ecoinvent_cutoff_3.9_remind_SSP2-Base_2020;zinc
bc1db2dd9a1834fff992fadcfa778426;railway track construction;RoW;railway track;;market for zinc;0.006;kilogram;zinc;0.0;technosphere;GLO;ecoinvent_cutoff_3.9_remind_SSP2-Base_2020;zinc
bc912340fd00d1ed89f7033bd3c91d37;nuclear spent fuel reprocessing facility construction;RoW;nuclear spent fuel reprocessing facility;;market for zinc;65000.0;kilogram;zinc;0.0;technosphere;GLO;ecoinvent_cutoff_3.9_remind_SSP2-Base_2020;zinc
bdfb895d364294cb4102c0ad3695a1df;treatment of aluminium scrap, new, at refiner;RoW;aluminium oxide, non-metallurgical;;market for zinc;0.011223378821739339;kilogram;zinc;0.0;technosphere;GLO;ecoinvent_cutoff_3.9_remind_SSP2-Base_2020;zinc
bfd7d38148ab9922ddffd2db8be9f177;1,1-difluoroethane production, HFC-152a;US;1,1-difluoroethane, HFC-152a;;market for zinc;0.0019676;kilogram;zinc;0.0;technosphere;GLO;ecoinvent_cutoff_3.9_remind_SSP2-Base_2020;zinc
c02ec52e29966b1a3541440bb3f94886;stirling heat and power co-generation unit construction, 3kW electrical, wood pellet, future;CH;stirling heat and power co-generation unit, 3kW electrical, wood pellet, future;;market for zinc;0.04;kilogram;zinc;0.0;technosphere;GLO;ecoinvent_cutoff_3.9_remind_SSP2-Base_2020;zinc
c06580bea2910e0651c8e3a370506956;treatment of aluminium scrap, post-consumer, prepared for recycling, at refiner;RoW;aluminium, cast alloy;;market for zinc;0.052108544529504065;kilogram;zinc;0.0;technosphere;GLO;ecoinvent_cutoff_3.9_remind_SSP2-Base_2020;zinc
c1a40682e32d24f5694d3118a847b14a;zinc coating, coils;RER;zinc coat, coils;;market for zinc;0.679;kilogram;zinc;0.0;technosphere;GLO;ecoinvent_cutoff_3.9_remind_SSP2-Base_2020;zinc
c242d04c68708b27ffc01fc8cdd502ca;photovoltaic laminate production, CIS;RoW;photovoltaic laminate, CIS;;market for zinc;0.012077;kilogram;zinc;0.0;technosphere;GLO;ecoinvent_cutoff_3.9_remind_SSP2-Base_2020;zinc
c287cf8d42e7e163042e1b3ffab42267;uranium enrichment centrifuge facility construction;CN;uranium enrichment centrifuge facility;;market for zinc;33000.0;kilogram;zinc;0.0;technosphere;GLO;ecoinvent_cutoff_3.9_remind_SSP2-Base_2020;zinc
c28fea90ce64b01bee44487232ad77bf;primary zinc production from concentrate;RoW;zinc;;market for zinc;0.002066214229466954;kilogram;zinc;0.0;technosphere;GLO;ecoinvent_cutoff_3.9_remind_SSP2-Base_2020;zinc
c2c8582f020643e6896ab7676bf5db38;cabin, for lorry;RER;cabin, for lorry;;market for zinc;0.000285;kilogram;zinc;;technosphere;GLO;ecoinvent_cutoff_3.9_remind_SSP2-Base_2020;zinc
c30a81fb730041b7ae3182c61f767c43;electric installation, 324 kWp photovoltaic plant, at plant;DE;electric installation, 324 kWp photovoltaic plant, at plant;;market for zinc;2.7285;kilogram;zinc;;technosphere;GLO;ecoinvent_cutoff_3.9_remind_SSP2-Base_2020;zinc
c3439558f54fd00832a7e6663d02993b;control cabinet production, heat and power co-generation unit, 160kW electrical;RER;control cabinet, heat and power co-generation unit, 160kW electrical;;market for zinc;0.25;kilogram;zinc;0.0;technosphere;GLO;ecoinvent_cutoff_3.9_remind_SSP2-Base_2020;zinc
c449c46302365596344f3804e3d95d1d;lentil production;RoW;lentil;;market for zinc;4.88375e-05;kilogram;zinc;0.0;technosphere;GLO;ecoinvent_cutoff_3.9_remind_SSP2-Base_2020;zinc
c5c4fb1410cae3277ced20101dcfeda0;control cabinet production, heat and power co-generation unit, 160kW electrical;RoW;control cabinet, heat and power co-generation unit, 160kW electrical;;market for zinc;0.25;kilogram;zinc;0.0;technosphere;GLO;ecoinvent_cutoff_3.9_remind_SSP2-Base_2020;zinc
c6338e3e7b7f424b7580de49cf81937f;electronic component production, passive, mobile, earpiece and speaker;GLO;electronic component, passive, mobile, earpiece and speaker;;market for zinc;0.134623840362182;kilogram;zinc;0.0;technosphere;GLO;ecoinvent_cutoff_3.9_remind_SSP2-Base_2020;zinc
c88a0d427ea072b0228c8e459f7dab34;railway track construction;CH;railway track;;market for zinc;0.006;kilogram;zinc;0.0;technosphere;GLO;ecoinvent_cutoff_3.9_remind_SSP2-Base_2020;zinc
cd5c729d6e512168a442384ffce130dd;rare earth oxides production, from rare earth oxide concentrate, 70% REO;CN-SC;coal tar;;market for zinc;4.888052223316848e-05;kilogram;zinc;0.0;technosphere;GLO;ecoinvent_cutoff_3.9_remind_SSP2-Base_2020;zinc
ce2b7bac9fbc144a8f1ecb742b19ff03;petroleum refinery operation;CH;liquefied petroleum gas;;market for zinc;1.3660846053084656e-07;kilogram;zinc;0.0;technosphere;GLO;ecoinvent_cutoff_3.9_remind_SSP2-Base_2020;zinc
ce2d2aeb3e07aa4006b130d2895fc332;stirling heat and power co-generation unit construction, 3kW electrical, wood pellet, future;RoW;stirling heat and power co-generation unit, 3kW electrical, wood pellet, future;;market for zinc;0.04;kilogram;zinc;0.0;technosphere;GLO;ecoinvent_cutoff_3.9_remind_SSP2-Base_2020;zinc
ce9d3f1079011c9547a64c8d3c76adc7;primary zinc production from concentrate;RoW;sulfuric acid;;market for zinc;0.00012516490043886356;kilogram;zinc;0.0;technosphere;GLO;ecoinvent_cutoff_3.9_remind_SSP2-Base_2020;zinc
cece674fdd365a989fe3f9f74ca8a079;rare earth oxides production, from rare earth oxide concentrate, 70% REO;CN-SC;cerium oxide;;market for zinc;0.000767892815613033;kilogram;zinc;0.0;technosphere;GLO;ecoinvent_cutoff_3.9_remind_SSP2-Base_2020;zinc
cff6b310b4d72657cb3dc4c02f951829;primary zinc production from concentrate;RoW;silver;;market for zinc;0.6444151194286282;kilogram;zinc;0.0;technosphere;GLO;ecoinvent_cutoff_3.9_remind_SSP2-Base_2020;zinc
d00c81cfcd1fa4cc1706e5e73b2ad266;door production, inner, wood;RER;door, inner, wood;;market for zinc;0.00054;kilogram;zinc;0.0;technosphere;GLO;ecoinvent_cutoff_3.9_remind_SSP2-Base_2020;zinc
d13d9b122847bb6e559b9bebf098f17a;silver-gold mine operation with refinery;CL;gold;;market for zinc;1.9511931045749313;kilogram;zinc;0.0;technosphere;GLO;ecoinvent_cutoff_3.9_remind_SSP2-Base_2020;zinc
d20b3593abff7ca546b9a19d6d301553;treatment of aluminium scrap, post-consumer, prepared for recycling, at refiner;RER;aluminium oxide, non-metallurgical;;market for zinc;0.011223378821739339;kilogram;zinc;0.0;technosphere;GLO;ecoinvent_cutoff_3.9_remind_SSP2-Base_2020;zinc
d452a083f085c449ca46d9726484f6bf;transistor production, wired, small size, through-hole mounting;GLO;transistor, wired, small size, through-hole mounting;;market for zinc;0.01334;kilogram;zinc;0.0;technosphere;GLO;ecoinvent_cutoff_3.9_remind_SSP2-Base_2020;zinc
d4bdb967cd4aa30d49967455954f2d89;window frame production, wood, U=1.5 W/m2K;CA-QC;wood pellet, measured as dry mass;;market for zinc;0.00011059424717262562;kilogram;zinc;0.0;technosphere;GLO;ecoinvent_cutoff_3.9_remind_SSP2-Base_2020;zinc
d5f1324f95344f5ea0ceebb140fc0836;electric installation, 570 kWp photovoltaic plant, at plant;ES;electric installation, 570 kWp photovoltaic plant, at plant;;market for zinc;2.7285;kilogram;zinc;;technosphere;GLO;ecoinvent_cutoff_3.9_remind_SSP2-Base_2020;zinc
d7066927c80b04a3cac74d3fa425cebd;dithiocarbamate-compound production;RER;dithiocarbamate-compound;;market for zinc;0.13337;kilogram;zinc;0.0;technosphere;GLO;ecoinvent_cutoff_3.9_remind_SSP2-Base_2020;zinc
d7887c75c3e4127548a9caf0f4bac50a;primary zinc production from concentrate;RoW;gold;;market for zinc;49.92369023838093;kilogram;zinc;0.0;technosphere;GLO;ecoinvent_cutoff_3.9_remind_SSP2-Base_2020;zinc
d7d8a3ba8c2f8e187909780f3a25517a;biomethane production, high pressure from synthetic gas, wood, fluidised technology;RoW;biomethane, high pressure;;market for zinc;0.0018694;kilogram;zinc;0.0;technosphere;GLO;ecoinvent_cutoff_3.9_remind_SSP2-Base_2020;zinc
d82453d9c3d0740d26e7f83eb7bfd671;primary zinc production from concentrate;RoW;zinc monosulfate;;market for zinc;0.0009357566366143608;kilogram;zinc;0.0;technosphere;GLO;ecoinvent_cutoff_3.9_remind_SSP2-Base_2020;zinc
d83dc7811d0d9c90d2539da3d6e959c8;photovoltaics, electric installation for 3kWp module, at building;CH;photovoltaics, electric installation for 3kWp module, at building;;market for zinc;0.04;kilogram;zinc;0.0;technosphere;GLO;ecoinvent_cutoff_3.9_remind_SSP2-Base_2020;zinc
d83ed56ab9fbf680709cd635aaf0e0ba;purse seiner construction, wood;RoW;purse seiner, wood;;market for zinc;0.0002999190218640967;kilogram;zinc;0.0;technosphere;GLO;ecoinvent_cutoff_3.9_remind_SSP2-Base_2020;zinc
d871c79dccb7efd9023e9f73485d5e77;photovoltaic laminate production, CIS;DE;photovoltaic laminate, CIS;;market for zinc;0.012077;kilogram;zinc;0.0;technosphere;GLO;ecoinvent_cutoff_3.9_remind_SSP2-Base_2020;zinc
db2016518ff38f66a46036d8808ae402;cyclohexanone production;RoW;cyclohexanone;;market for zinc;0.00060185;kilogram;zinc;0.0;technosphere;GLO;ecoinvent_cutoff_3.9_remind_SSP2-Base_2020;zinc
db5daa0887d6fba05137cc284031ff42;pinto bean production;CA-AB;pinto bean;;market for zinc;0.0003;kilogram;zinc;0.0;technosphere;GLO;ecoinvent_cutoff_3.9_remind_SSP2-Base_2020;zinc
dca61a8baf554e0ce48a4427327937a4;gold mine operation and refining;SE;lead;;market for zinc;1.9885814443805474e-05;kilogram;zinc;0.0;technosphere;GLO;ecoinvent_cutoff_3.9_remind_SSP2-Base_2020;zinc
dcf7f57b71d3942e163bf459dd4535ce;petroleum refinery operation;CH;diesel;;market for zinc;4.2468333307328095e-08;kilogram;zinc;0.0;technosphere;GLO;ecoinvent_cutoff_3.9_remind_SSP2-Base_2020;zinc
dd98a31f32a46ea05f37f7fd60a68559;silver mine operation with extraction;PE;zinc concentrate;;market for zinc;0.0014357200550992816;kilogram;zinc;0.0;technosphere;GLO;ecoinvent_cutoff_3.9_remind_SSP2-Base_2020;zinc
ddd736f0e0a3ca30cc0f8ee3aa26d55b;window frame production, wood, U=1.5 W/m2K;RER;wood pellet, measured as dry mass;;market for zinc;0.00011059424717262562;kilogram;zinc;0.0;technosphere;GLO;ecoinvent_cutoff_3.9_remind_SSP2-Base_2020;zinc
ddf94fec0b56081e026d4078de7f19cb;zinc coating, pieces, adjustment per micro-m;RER;zinc coat, pieces, adjustment per micro-m;;market for zinc;0.0154;kilogram;zinc;0.0;technosphere;GLO;ecoinvent_cutoff_3.9_remind_SSP2-Base_2020;zinc
de15a29dd991709d2072746137c87164;treatment of sulfidic tailing, off-site, high gold content;ZA;gold, unrefined;;market for zinc;2.8946;kilogram;zinc;0.0;technosphere;GLO;ecoinvent_cutoff_3.9_remind_SSP2-Base_2020;zinc
df9e587db94a789d3ba3963d36bbf4e2;rare earth oxides production, from rare earth oxide concentrate, 70% REO;CN-SC;praseodymium-neodymium oxide;;market for zinc;0.0009327178369230367;kilogram;zinc;0.0;technosphere;GLO;ecoinvent_cutoff_3.9_remind_SSP2-Base_2020;zinc
dfa0f30ea53a105cbfa6661bfe0d2bd5;rare earth oxides production, from rare earth oxide concentrate, 70% REO;CN-SC;sulfur;;market for zinc;1.3760803211959816e-05;kilogram;zinc;0.0;technosphere;GLO;ecoinvent_cutoff_3.9_remind_SSP2-Base_2020;zinc
e01ba5fef019aba2b0d44ac19d839f2a;biomethane production, high pressure from synthetic gas, wood, fixed bed technology;CH;biomethane, high pressure;;market for zinc;0.0018694;kilogram;zinc;0.0;technosphere;GLO;ecoinvent_cutoff_3.9_remind_SSP2-Base_2020;zinc
e30fa5080e11c09e61d1c8f13a953f52;treatment of aluminium scrap, post-consumer, prepared for recycling, at refiner;RoW;aluminium oxide, non-metallurgical;;market for zinc;0.011223378821739339;kilogram;zinc;0.0;technosphere;GLO;ecoinvent_cutoff_3.9_remind_SSP2-Base_2020;zinc
e44bd9e6678616d876f126232151867a;transistor production, wired, big size, through-hole mounting;GLO;transistor, wired, big size, through-hole mounting;;market for zinc;0.02842;kilogram;zinc;0.0;technosphere;GLO;ecoinvent_cutoff_3.9_remind_SSP2-Base_2020;zinc
e456e498b7115c23d1574c802769b1a1;rare earth oxides production, from rare earth oxide concentrate, 70% REO;CN-SC;gadolinium oxide;;market for zinc;0.00304357358622762;kilogram;zinc;0.0;technosphere;GLO;ecoinvent_cutoff_3.9_remind_SSP2-Base_2020;zinc
e883eef0fb87394fcbe126e37ef67a4d;purse seiner construction, wood;RLA;purse seiner, wood;;market for zinc;0.0002999190218640967;kilogram;zinc;0.0;technosphere;GLO;ecoinvent_cutoff_3.9_remind_SSP2-Base_2020;zinc
e8a4bf6eab47234fd72e2dda013ee22e;primary zinc production from concentrate;RoW;copper concentrate, sulfide ore;;market for zinc;0.0016692633306772215;kilogram;zinc;0.0;technosphere;GLO;ecoinvent_cutoff_3.9_remind_SSP2-Base_2020;zinc
ea97bd8ba864d9cd916c62aa74637b95;sodium arsenide production from Imperial smelting furnace;GLO;sodium arsenide;;market for zinc;0.52083;kilogram;zinc;0.0;technosphere;GLO;ecoinvent_cutoff_3.9_remind_SSP2-Base_2020;zinc
ecdbc114ea40e4f49905929ec4ad76ed;tractor production, 4-wheel, agricultural;RoW;tractor, 4-wheel, agricultural;;market for zinc;0.012;kilogram;zinc;0.0;technosphere;GLO;ecoinvent_cutoff_3.9_remind_SSP2-Base_2020;zinc
eee13f09d392bf3af198e953c4ccadbc;electric parts production, mini CHP plant;RoW;electric parts, mini CHP plant;;market for zinc;0.04;kilogram;zinc;0.0;technosphere;GLO;ecoinvent_cutoff_3.9_remind_SSP2-Base_2020;zinc
ef18721536e91ca670de2f849576f195;door production, inner, glass-wood;RoW;door, inner, glass-wood;;market for zinc;0.00054;kilogram;zinc;0.0;technosphere;GLO;ecoinvent_cutoff_3.9_remind_SSP2-Base_2020;zinc
efddc804d67a528f30836eb81e5cbcce;photovoltaics, electric installation for 3kWp module, at building;RoW;photovoltaics, electric installation for 3kWp module, at building;;market for zinc;0.04;kilogram;zinc;0.0;technosphere;GLO;ecoinvent_cutoff_3.9_remind_SSP2-Base_2020;zinc
f333e50cbb2cfb46d22c8dfe0f367594;gold mine operation and gold production, unrefined;RoW;gold, unrefined;;market for zinc;2.8946;kilogram;zinc;0.0;technosphere;GLO;ecoinvent_cutoff_3.9_remind_SSP2-Base_2020;zinc
f43361370b3f0e4c8f20c72b6d651fce;window frame production, poly vinyl chloride, U=1.6 W/m2K;RER;window frame, poly vinyl chloride, U=1.6 W/m2K;;market for zinc;0.325;kilogram;zinc;0.0;technosphere;GLO;ecoinvent_cutoff_3.9_remind_SSP2-Base_2020;zinc
f64ea10b36c9b6f772a93f90ca059a14;silver-gold mine operation with refinery;RoW;silver;;market for zinc;0.025186005511794236;kilogram;zinc;0.0;technosphere;GLO;ecoinvent_cutoff_3.9_remind_SSP2-Base_2020;zinc
f8520578545d3fddf3ba28d562a6cd5d;integrated circuit production, logic type;GLO;integrated circuit, logic type;;market for zinc;0.00756;kilogram;zinc;0.0;technosphere;GLO;ecoinvent_cutoff_3.9_remind_SSP2-Base_2020;zinc
f876d623de3323d7873961a88ad43574;primary zinc production from concentrate;RoW;copper cake;;market for zinc;0.004824434504084718;kilogram;zinc;0.0;technosphere;GLO;ecoinvent_cutoff_3.9_remind_SSP2-Base_2020;zinc
f9aedfddfde4336bda343e418ddefe81;primary zinc production from concentrate;RoW;lead;;market for zinc;0.0014781378718494362;kilogram;zinc;0.0;technosphere;GLO;ecoinvent_cutoff_3.9_remind_SSP2-Base_2020;zinc
fa8612965c9d7fba91801fb5fe3c38bc;phthalimide-compound production;RER;phthalimide-compound;;market for zinc;0.0078456;kilogram;zinc;0.0;technosphere;GLO;ecoinvent_cutoff_3.9_remind_SSP2-Base_2020;zinc
fbccb5f9d84e98ecb71427b5c087d888;fuel cell production, solid oxide, 125kW electrical, future;RoW;fuel cell, solid oxide, 125kW electrical, future;;market for zinc;1.25;kilogram;zinc;0.0;technosphere;GLO;ecoinvent_cutoff_3.9_remind_SSP2-Base_2020;zinc
fc7bed555eb72e0c1b570ebbc63bd0bb;window frame production, wood, U=1.5 W/m2K;CA-QC;window frame, wood, U=1.5 W/m2K;;market for zinc;0.2896808250026598;kilogram;zinc;0.0;technosphere;GLO;ecoinvent_cutoff_3.9_remind_SSP2-Base_2020;zinc
fe0caef0e9457269b039bf9b45d96a89;maintenance, solid oxide fuel cell 125kW electrical, future;CH;maintenance, solid oxide fuel cell, 125kW electrical, future;;market for zinc;1.25;kilogram;zinc;0.0;technosphere;GLO;ecoinvent_cutoff_3.9_remind_SSP2-Base_2020;zinc
