code;name;location;reference product;categories;classifications;ex_name;ex_amount;ex_unit;ex_product;ex_production volume;ex_type;ex_location;database
02cae84a4dc04121b8872e22520bbfd3;carbon dioxide storage from lignite, post, pipeline 400km, storage 3000m;RER;carbon dioxide storage from lignite, post, pipeline 400km, storage 3000m;;[];carbon dioxide storage from lignite, post, pipeline 400km, storage 3000m;-1.0;kilogram;carbon dioxide storage from lignite, post, pipeline 400km, storage 3000m;;production;RER;ecoinvent_cutoff_3.9_remind_SSP2-PkBudg500_2080
034033ba8eb44345bd237666a4d22c08;carbon dioxide storage from lignite, pre, pipeline 400km, storage 3000m;RER;carbon dioxide storage from lignite, pre, pipeline 400km, storage 3000m;;[];carbon dioxide storage from lignite, pre, pipeline 400km, storage 3000m;-1.0;kilogram;carbon dioxide storage from lignite, pre, pipeline 400km, storage 3000m;;production;RER;ecoinvent_cutoff_3.9_remind_SSP2-PkBudg500_2080
04aba2f969ad4ca8b0e3021e8612ecda;electricity production, at hydrogen-fired combined cycle power plant, by auto-thermal reforming of natural gas, pre, pipeline 200km, storage 1000m;RER;electricity, high voltage;;[];carbon dioxide, captured from natural gas, pre, 200km pipeline, storage 1000m;-0.3627;kilogram;carbon dioxide, captured from natural gas, pre, 200km pipeline, storage 1000m;;technosphere;RER;ecoinvent_cutoff_3.9_remind_SSP2-PkBudg500_2080
0537d9164ec74586be93c38d6ab7631b;carbon dioxide storage from natural gas, pre, 400km pipeline, storage 3000m;RER;carbon dioxide storage from natural gas, pre, 400km pipeline, storage 3000m;;[];carbon dioxide storage from natural gas, pre, 400km pipeline, storage 3000m;-1.0;kilogram;carbon dioxide storage from natural gas, pre, 400km pipeline, storage 3000m;;production;RER;ecoinvent_cutoff_3.9_remind_SSP2-PkBudg500_2080
065601b4d59047d6a23e8dd9d04db50f;electricity production, at hard coal-fired IGCC power plant, pre, pipeline 200km, storage 1000m;RER;electricity, high voltage;;[];carbon dioxide, captured from hard coal-fired power plant, pre, pipeline 200km, storage 1000m;-0.7938000000000001;kilogram;carbon dioxide, captured from hard coal-fired power plant, pre, pipeline 200km, storage 1000m;;technosphere;RER;ecoinvent_cutoff_3.9_remind_SSP2-PkBudg500_2080
06d0dd4251f64029b9c63ad31fe4bd12;syngas, from biomass gasification, pre, pipeline 400km, storage 3000m;RER;syngas, from biomass gasification, pre, pipeline 400km, storage 3000m;;[];carbon dioxide, captured at hydrogen production plant, pre, pipeline 400km, storage 3000m;-0.000607;kilogram;carbon dioxide, captured at hydrogen production plant, pre, pipeline 400km, storage 3000m;;technosphere;RER;ecoinvent_cutoff_3.9_remind_SSP2-PkBudg500_2080
06dd584473b24d00a4812ba707dbfb72;ethanol production, via fermentation, from miscanthus, with carbon capture and storage, energy allocation;US;ethanol, from miscanthus;;[];carbon dioxide storage at wood burning power plant 20 MW post, pipeline 200km, storage 1000m;-4.826492542155434;kilogram;carbon dioxide storage at wood burning power plant 20 MW post, pipeline 200km, storage 1000m;;technosphere;RER;ecoinvent_cutoff_3.9_remind_SSP2-PkBudg500_2080
090c89e97d834d73aa32654d1dfb5033;carbon dioxide storage from natural gas, pre, 200km pipeline, storage 1000m;RER;carbon dioxide storage from natural gas, pre, 200km pipeline, storage 1000m;;[];carbon dioxide storage from natural gas, pre, 200km pipeline, storage 1000m;-1.0;kilogram;carbon dioxide storage from natural gas, pre, 200km pipeline, storage 1000m;;production;RER;ecoinvent_cutoff_3.9_remind_SSP2-PkBudg500_2080
0aa8f837d5534be5a3588848e81de4a9;heat production, at co-generation hard coal-fired power plant, post, pipeline 200km, storage 1000m;RER;heat, district or industrial, other than natural gas;;[];carbon dioxide, captured from hard coal-fired power plant, oxy, pipeline 200km, storage 1000m;-0.048181815;kilogram;carbon dioxide, captured from hard coal-fired power plant, oxy, pipeline 200km, storage 1000m;;technosphere;RER;ecoinvent_cutoff_3.9_remind_SSP2-PkBudg500_2080
0d1144104e514d6882ece45dbc727db4;heat production, at co-generation natural gas-fired power plant, post, pipeline 200km, storage 1000m;RER;heat, district or industrial, natural gas;;[];carbon dioxide, captured from natural gas, post, 200km pipeline, storage 1000m;-0.021910824;kilogram;carbon dioxide, captured from natural gas, post, 200km pipeline, storage 1000m;;technosphere;RER;ecoinvent_cutoff_3.9_remind_SSP2-PkBudg500_2080
0df3d06bff17479aae448d1152897a7e;electricity production, at lignite-fired power plant, post, pipeline 200km, storage 1000m;RER;electricity, high voltage;;[];carbon dioxide, captured from lignite, post, pipeline 200km, storage 1000m;-1.129090909090909;kilogram;carbon dioxide, captured from lignite, post, pipeline 200km, storage 1000m;;technosphere;RER;ecoinvent_cutoff_3.9_remind_SSP2-PkBudg500_2080
11a0abae5a8043cd916c2cb70ed41e8c;carbon dioxide storage at wood burning power plant 20 MW post, pipeline 200km, storage 1000m;RER;carbon dioxide storage at wood burning power plant 20 MW post, pipeline 200km, storage 1000m;;[];carbon dioxide storage at wood burning power plant 20 MW post, pipeline 200km, storage 1000m;-1.0;kilogram;carbon dioxide storage at wood burning power plant 20 MW post, pipeline 200km, storage 1000m;;production;RER;ecoinvent_cutoff_3.9_remind_SSP2-PkBudg500_2080
12975adc4bdb446685fda5d5e846ead9;electricity production, from combined cycle plant, synthetic natural gas, post, pipeline 200km, storage 1000m;RER;electricity, high voltage;;[];carbon dioxide, captured at synthetic natural gas plant, post, 200km pipeline, storage 1000m;-0.33473684210526317;kilogram;carbon dioxide, captured at synthetic natural gas plant, post, 200km pipeline, storage 1000m;;technosphere;RER;ecoinvent_cutoff_3.9_remind_SSP2-PkBudg500_2080
12ade280229d4bb8a851913a0460d76f;electricity production, at hard coal-fired power plant, oxy, pipeline 200km, storage 1000m;RER;electricity, high voltage;;[];carbon dioxide, captured from hard coal-fired power plant, oxy, pipeline 200km, storage 1000m;-0.9058378378378379;kilogram;carbon dioxide, captured from hard coal-fired power plant, oxy, pipeline 200km, storage 1000m;;technosphere;RER;ecoinvent_cutoff_3.9_remind_SSP2-PkBudg500_2080
12b8428781ff42529384568ecc2ca2b1;electricity production, at wood burning power plant, post, pipeline 200km, storage 1000m;RER;electricity, high voltage;;[];carbon dioxide, captured at wood burning power plant 20 MW post, pipeline 200km, storage 1000m;-1.683;kilogram;carbon dioxide, captured at wood burning power plant 20 MW post, pipeline 200km, storage 1000m;;technosphere;RER;ecoinvent_cutoff_3.9_remind_SSP2-PkBudg500_2080
13933a94afde4cb0a76e294ae5346bff;carbon dioxide, captured from hard coal-fired power plant, post, pipeline 400km, storage 1000m;RER;carbon dioxide, captured from hard coal-fired power plant, post, pipeline 400km, storage 1000m;;[];carbon dioxide, captured from hard coal-fired power plant, post, pipeline 400km, storage 1000m;-1.0;kilogram;carbon dioxide, captured from hard coal-fired power plant, post, pipeline 400km, storage 1000m;;production;RER;ecoinvent_cutoff_3.9_remind_SSP2-PkBudg500_2080
13933a94afde4cb0a76e294ae5346bff;carbon dioxide, captured from hard coal-fired power plant, post, pipeline 400km, storage 1000m;RER;carbon dioxide, captured from hard coal-fired power plant, post, pipeline 400km, storage 1000m;;[];carbon dioxide storage from hard coal, post, pipeline 400km, storage 1000m;-1.0;kilogram;carbon dioxide storage from hard coal, post, pipeline 400km, storage 1000m;;technosphere;RER;ecoinvent_cutoff_3.9_remind_SSP2-PkBudg500_2080
169ef5519caf4423b40d2266a0fc12d3;ethanol production, via fermentation, from corn, with carbon capture and storage, system expansion;US;ethanol, from corn;;[];carbon dioxide storage at wood burning power plant 20 MW post, pipeline 200km, storage 1000m;-2.886603676972371;kilogram;carbon dioxide storage at wood burning power plant 20 MW post, pipeline 200km, storage 1000m;;technosphere;RER;ecoinvent_cutoff_3.9_remind_SSP2-PkBudg500_2080
1f7aa9f88a224487a4fe621f2f27bfb7;methane, from biological methanation, with carbon from atmosphere;RER;methane, from biological methanation;;[];carbon dioxide, captured from atmosphere, with a sorbent-based direct air capture system, 100ktCO2;-2.75;kilogram;carbon dioxide, captured from atmosphere;;technosphere;RER;ecoinvent_cutoff_3.9_remind_SSP2-PkBudg500_2080
281dd92aeea14024a82341eec1c1d29a;carbon dioxide storage from natural gas, post, 400km pipeline, storage 1000m;RER;carbon dioxide storage from natural gas, post, 400km pipeline, storage 1000m;;[];carbon dioxide storage from natural gas, post, 400km pipeline, storage 1000m;-1.0;kilogram;carbon dioxide storage from natural gas, post, 400km pipeline, storage 1000m;;production;RER;ecoinvent_cutoff_3.9_remind_SSP2-PkBudg500_2080
2906094b57504a46b296578b3f5a652a;electricity production, at co-generation oil-fired power plant, post, pipeline 200km, storage 1000m;RER;electricity, high voltage;;[];carbon dioxide, captured from hard coal-fired power plant, post, pipeline 200km, storage 1000m;-0.57268818;kilogram;carbon dioxide, captured from hard coal-fired power plant, post, pipeline 200km, storage 1000m;;technosphere;RER;ecoinvent_cutoff_3.9_remind_SSP2-PkBudg500_2080
29236e37c2bc48209f78fe17eee9dc39;methane, from electrochemical methanation, with carbon from atmosphere;RER;methane, from electrochemical methanation;;[];carbon dioxide, captured from atmosphere, with a sorbent-based direct air capture system, 100ktCO2;-2.750348675034868;kilogram;carbon dioxide, captured from atmosphere;;technosphere;RER;ecoinvent_cutoff_3.9_remind_SSP2-PkBudg500_2080
29f6d5e22e8440c48fce1058f82271ef;carbon dioxide storage from natural gas, post, 200km pipeline, storage 1000m;RER;carbon dioxide storage from natural gas, post, 200km pipeline, storage 1000m;;[];carbon dioxide storage from natural gas, post, 200km pipeline, storage 1000m;-1.0;kilogram;carbon dioxide storage from natural gas, post, 200km pipeline, storage 1000m;;production;RER;ecoinvent_cutoff_3.9_remind_SSP2-PkBudg500_2080
2c516d1d648347b68bdb2b052cd6c538;carbon dioxide, captured from atmosphere, with a sorbent-based direct air capture system, 100ktCO2;RER;carbon dioxide, captured from atmosphere;;[];carbon dioxide, captured from atmosphere, with a sorbent-based direct air capture system, 100ktCO2;-1.0;kilogram;carbon dioxide, captured from atmosphere;;production;RER;ecoinvent_cutoff_3.9_remind_SSP2-PkBudg500_2080
3235fb41fde84ef4859147f62cda082f;carbon dioxide, captured at cement production plant, with underground storage, post, 200 km;RER;carbon dioxide, captured and stored;;[];carbon dioxide, captured at cement production plant, with underground storage, post, 200 km;-1.0;kilogram;carbon dioxide, captured and stored;;production;RER;ecoinvent_cutoff_3.9_remind_SSP2-PkBudg500_2080
3235fb41fde84ef4859147f62cda082f;carbon dioxide, captured at cement production plant, with underground storage, post, 200 km;RER;carbon dioxide, captured and stored;;[];carbon dioxide storage from hard coal, post, pipeline 200km, storage 1000m;-1.0;kilogram;carbon dioxide storage from hard coal, post, pipeline 200km, storage 1000m;;technosphere;RER;ecoinvent_cutoff_3.9_remind_SSP2-PkBudg500_2080
3261b5c2a9474e50a4a3ec6b0b866fa1;hydrogen production, gaseous, 30 bar, from hard coal gasification and reforming, with CCS, at coal gasification plant;RER;hydrogen, gaseous, 30 bar;;[];carbon dioxide, captured at hydrogen production plant, pre, pipeline 400km, storage 3000m;-15.29;kilogram;carbon dioxide, captured at hydrogen production plant, pre, pipeline 400km, storage 3000m;;technosphere;RER;ecoinvent_cutoff_3.9_remind_SSP2-PkBudg500_2080
34ead73cbc8a47699c1dc97e3510cffe;carbon dioxide, captured at cement production plant, for subsequent reuse;RER;carbon dioxide, captured and reused;;[];carbon dioxide, captured at cement production plant, for subsequent reuse;-1.0;kilogram;carbon dioxide, captured and reused;;production;RER;ecoinvent_cutoff_3.9_remind_SSP2-PkBudg500_2080
366045301a56446d9de11bb10951b972;carbon dioxide storage from hard coal, post, pipeline 400km, storage 1000m;RER;carbon dioxide storage from hard coal, post, pipeline 400km, storage 1000m;;[];carbon dioxide storage from hard coal, post, pipeline 400km, storage 1000m;-1.0;kilogram;carbon dioxide storage from hard coal, post, pipeline 400km, storage 1000m;;production;RER;ecoinvent_cutoff_3.9_remind_SSP2-PkBudg500_2080
39c76ffa20d44ab8acf3cde9731ce43b;hydrogen production, auto-thermal reforming, from biomethane, with CCS (MDEA, 98% eff.), 25 bar;CH;hydrogen, gaseous, 25 bar;;[];carbon dioxide, captured at hydrogen production plant, pre, pipeline 200km, storage 1000m;-8.318133856294887;kilogram;carbon dioxide, captured at hydrogen production plant, pre, pipeline 200km, storage 1000m;;technosphere;RER;ecoinvent_cutoff_3.9_remind_SSP2-PkBudg500_2080
3b353e53a3ad4bfebafc0c49d8537b0c;carbon dioxide, captured at municipal solid waste incineration plant, for subsequent reuse;RER;carbon dioxide, captured and reused;;[];carbon dioxide, captured at municipal solid waste incineration plant, for subsequent reuse;-1.0;kilogram;carbon dioxide, captured and reused;;production;RER;ecoinvent_cutoff_3.9_remind_SSP2-PkBudg500_2080
3d60e239c6184188b9017a5f93ab466f;ethanol production, via fermentation, from corn, with carbon capture and storage, economic allocation;US;ethanol, from corn;;[];carbon dioxide storage at wood burning power plant 20 MW post, pipeline 200km, storage 1000m;-2.1594323643955984;kilogram;carbon dioxide storage at wood burning power plant 20 MW post, pipeline 200km, storage 1000m;;technosphere;RER;ecoinvent_cutoff_3.9_remind_SSP2-PkBudg500_2080
3e2647f6bed34e6695083c7df5490658;methane, from biological methanation, with carbon from cement plant;RER;methane, from biological methanation;;[];carbon dioxide, captured at cement production plant, for subsequent reuse;-2.75;kilogram;carbon dioxide, captured and reused;;technosphere;RER;ecoinvent_cutoff_3.9_remind_SSP2-PkBudg500_2080
410ccbbb6adf48538e694403c064197e;carbon dioxide storage at hydrogen production plant, pre, pipeline 400km, storage 3000m;RER;carbon dioxide storage at hydrogen production plant, pre, pipeline 400km, storage 3000m;;[];carbon dioxide storage at hydrogen production plant, pre, pipeline 400km, storage 3000m;-1.0;kilogram;carbon dioxide storage at hydrogen production plant, pre, pipeline 400km, storage 3000m;;production;RER;ecoinvent_cutoff_3.9_remind_SSP2-PkBudg500_2080
4370c250a70545b3ae4bc23d0afdb1cb;carbon dioxide storage from hard coal, pre, pipeline 200km, storage 1000m;RER;carbon dioxide storage from hard coal, pre, pipeline 200km, storage 1000m;;[];carbon dioxide storage from hard coal, pre, pipeline 200km, storage 1000m;-1.0;kilogram;carbon dioxide storage from hard coal, pre, pipeline 200km, storage 1000m;;production;RER;ecoinvent_cutoff_3.9_remind_SSP2-PkBudg500_2080
46ee0915fc164b4caf76699acaf66d0c;ethanol production, via fermentation, from miscanthus, with carbon capture and storage, system expansion;US;ethanol, from miscanthus;;[];carbon dioxide storage at wood burning power plant 20 MW post, pipeline 200km, storage 1000m;-5.312464415954826;kilogram;carbon dioxide storage at wood burning power plant 20 MW post, pipeline 200km, storage 1000m;;technosphere;RER;ecoinvent_cutoff_3.9_remind_SSP2-PkBudg500_2080
49a9316f37b64a478faeba4a8a48c5a3;methanol synthesis, hydrogen from electrolysis, CO2 from DAC;RER;methanol, unpurified;;[];carbon dioxide, captured from atmosphere, with a solvent-based direct air capture system, 1MtCO2;-1.6904231625835189;kilogram;carbon dioxide, captured from atmosphere;;technosphere;RER;ecoinvent_cutoff_3.9_remind_SSP2-PkBudg500_2080
4b49a98cb929401ebde8692b3ab23b64;electricity production, at natural gas-fired combined cycle power plant, post, pipeline 200km, storage 1000m;RER;electricity, high voltage;;[];carbon dioxide, captured from natural gas, post, 200km pipeline, storage 1000m;-0.3618427175430433;kilogram;carbon dioxide, captured from natural gas, post, 200km pipeline, storage 1000m;;technosphere;RER;ecoinvent_cutoff_3.9_remind_SSP2-PkBudg500_2080
51b8df1c5a2b419192cf1f38c2b5a8a0;carbon dioxide storage from lignite, oxy, pipeline 200km, storage 1000m;RER;carbon dioxide storage from lignite, oxy, pipeline 200km, storage 1000m;;[];carbon dioxide storage from lignite, oxy, pipeline 200km, storage 1000m;-1.0;kilogram;carbon dioxide storage from lignite, oxy, pipeline 200km, storage 1000m;;production;RER;ecoinvent_cutoff_3.9_remind_SSP2-PkBudg500_2080
52d055e990054a508c31bfdee8a7f9d7;carbon dioxide storage at synthetic natural gas plant, post, 400km pipeline, storage 3000m;RER;carbon dioxide storage at synthetic natural gas plant, post, 400km pipeline, storage 3000m;;[];carbon dioxide storage at synthetic natural gas plant, post, 400km pipeline, storage 3000m;-1.0;kilogram;carbon dioxide storage at synthetic natural gas plant, post, 400km pipeline, storage 3000m;;production;RER;ecoinvent_cutoff_3.9_remind_SSP2-PkBudg500_2080
5945a04922654a9badd6fa879d3071aa;ethanol production, via fermentation, from switchgrass, with carbon capture and storage, energy allocation;US;ethanol, from switchgrass;;[];carbon dioxide storage at wood burning power plant 20 MW post, pipeline 200km, storage 1000m;-3.6597753976440037;kilogram;carbon dioxide storage at wood burning power plant 20 MW post, pipeline 200km, storage 1000m;;technosphere;RER;ecoinvent_cutoff_3.9_remind_SSP2-PkBudg500_2080
6029cdebee3b4e08ba55d13607d9d736;ethanol production, via fermentation, from miscanthus, with carbon capture and storage, economic allocation;US;ethanol, from miscanthus;;[];carbon dioxide storage at wood burning power plant 20 MW post, pipeline 200km, storage 1000m;-4.328203495044635;kilogram;carbon dioxide storage at wood burning power plant 20 MW post, pipeline 200km, storage 1000m;;technosphere;RER;ecoinvent_cutoff_3.9_remind_SSP2-PkBudg500_2080
63e93e42b0944d09b9197486a236297f;carbon dioxide, captured from lignite, oxy, pipeline 200km, storage 1000m;RER;carbon dioxide, captured from lignite, oxy, pipeline 200km, storage 1000m;;[];carbon dioxide, captured from lignite, oxy, pipeline 200km, storage 1000m;-1.0;kilogram;carbon dioxide, captured from lignite, oxy, pipeline 200km, storage 1000m;;production;RER;ecoinvent_cutoff_3.9_remind_SSP2-PkBudg500_2080
63e93e42b0944d09b9197486a236297f;carbon dioxide, captured from lignite, oxy, pipeline 200km, storage 1000m;RER;carbon dioxide, captured from lignite, oxy, pipeline 200km, storage 1000m;;[];carbon dioxide storage from lignite, oxy, pipeline 200km, storage 1000m;-1.0;kilogram;carbon dioxide storage from lignite, oxy, pipeline 200km, storage 1000m;;technosphere;RER;ecoinvent_cutoff_3.9_remind_SSP2-PkBudg500_2080
64f116c3ca5b46ffb174edb0279d42c2;carbon dioxide storage from hard coal, pre, pipeline 400km, storage 3000m;RER;carbon dioxide storage from hard coal, pre, pipeline 400km, storage 3000m;;[];carbon dioxide storage from hard coal, pre, pipeline 400km, storage 3000m;-1.0;kilogram;carbon dioxide storage from hard coal, pre, pipeline 400km, storage 3000m;;production;RER;ecoinvent_cutoff_3.9_remind_SSP2-PkBudg500_2080
6839ed29e3494741a3d953098080fae8;hydrogen, from steam reforming of biomassgas, at reforming plant, pre, pipeline 200km, storage 1000m;RER;hydrogen, from steam reforming of biomassgas, at reforming plant, pre, pipeline 200km, storage 1000m;;[];carbon dioxide, captured at hydrogen production plant, pre, pipeline 200km, storage 1000m;-0.0496;kilogram;carbon dioxide, captured at hydrogen production plant, pre, pipeline 200km, storage 1000m;;technosphere;RER;ecoinvent_cutoff_3.9_remind_SSP2-PkBudg500_2080
6a2ae454d2654debb8a3543c22fd16eb;ethanol production, via fermentation, from sugarcane, with carbon capture and storage, energy allocation;US;ethanol, from sugarcane;;[];carbon dioxide storage at wood burning power plant 20 MW post, pipeline 200km, storage 1000m;-5.189136525067595;kilogram;carbon dioxide storage at wood burning power plant 20 MW post, pipeline 200km, storage 1000m;;technosphere;RER;ecoinvent_cutoff_3.9_remind_SSP2-PkBudg500_2080
6abec95e0deb4260947466a806b04209;carbon dioxide storage at wood burning power plant 20 MW post, pipeline 400km, storage 3000m;RER;carbon dioxide storage at wood burning power plant 20 MW post, pipeline 400km, storage 3000m;;[];carbon dioxide storage at wood burning power plant 20 MW post, pipeline 400km, storage 3000m;-1.0;kilogram;carbon dioxide storage at wood burning power plant 20 MW post, pipeline 400km, storage 3000m;;production;RER;ecoinvent_cutoff_3.9_remind_SSP2-PkBudg500_2080
6dac7ae5e5ea45a0ae0910959c8b65bf;syngas, from biomass gasification, pre, pipeline 200km, storage 1000m;RER;syngas, from biomass gasification, pre, pipeline 200km, storage 1000m;;[];carbon dioxide, captured at hydrogen production plant, pre, pipeline 200km, storage 1000m;-0.000607;kilogram;carbon dioxide, captured at hydrogen production plant, pre, pipeline 200km, storage 1000m;;technosphere;RER;ecoinvent_cutoff_3.9_remind_SSP2-PkBudg500_2080
700930b78bab43d99cb346644b9d1a52;electricity production, at oil-fired power plant, combined cycle, oxy, pipeline 200km, storage 1000m;RER;electricity, high voltage;;[];carbon dioxide, captured from lignite, oxy, pipeline 200km, storage 1000m;-0.8454050000000001;kilogram;carbon dioxide, captured from lignite, oxy, pipeline 200km, storage 1000m;;technosphere;RER;ecoinvent_cutoff_3.9_remind_SSP2-PkBudg500_2080
745270cdb9f5446aa3209afa319c12d6;carbon dioxide storage at hydrogen production plant, pre, pipeline 200km, storage 1000m;RER;carbon dioxide storage at hydrogen production plant, pre, pipeline 200km, storage 1000m;;[];carbon dioxide storage at hydrogen production plant, pre, pipeline 200km, storage 1000m;-1.0;kilogram;carbon dioxide storage at hydrogen production plant, pre, pipeline 200km, storage 1000m;;production;RER;ecoinvent_cutoff_3.9_remind_SSP2-PkBudg500_2080
780f5177a11d46dbbf187aac8f8914fc;ethanol production, via fermentation, from poplar, with carbon capture and storage, energy allocation;US;ethanol, from poplar;;[];carbon dioxide storage at wood burning power plant 20 MW post, pipeline 200km, storage 1000m;-4.074812712917694;kilogram;carbon dioxide storage at wood burning power plant 20 MW post, pipeline 200km, storage 1000m;;technosphere;RER;ecoinvent_cutoff_3.9_remind_SSP2-PkBudg500_2080
7c09292362c94a45a7978c8e704dd67a;ethanol production, via fermentation, from corn, with carbon capture and storage, energy allocation;US;ethanol, from corn;;[];carbon dioxide storage at wood burning power plant 20 MW post, pipeline 200km, storage 1000m;-1.1946233679702067;kilogram;carbon dioxide storage at wood burning power plant 20 MW post, pipeline 200km, storage 1000m;;technosphere;RER;ecoinvent_cutoff_3.9_remind_SSP2-PkBudg500_2080
7cff4a8d4b394cbdb0b7942c154d5484;methane, from electrochemical methanation, with carbon from municipal waste incineration plant;RER;methane, from electrochemical methanation;;[];carbon dioxide, captured at municipal solid waste incineration plant, for subsequent reuse;-2.750348675034868;kilogram;carbon dioxide, captured and reused;;technosphere;RER;ecoinvent_cutoff_3.9_remind_SSP2-PkBudg500_2080
7d45b697c62f4848b0284f7554a4b585;carbon dioxide storage from natural gas, post, 400km pipeline, storage 3000m;RER;carbon dioxide storage from natural gas, post, 400km pipeline, storage 3000m;;[];carbon dioxide storage from natural gas, post, 400km pipeline, storage 3000m;-1.0;kilogram;carbon dioxide storage from natural gas, post, 400km pipeline, storage 3000m;;production;RER;ecoinvent_cutoff_3.9_remind_SSP2-PkBudg500_2080
7f6b33d40bcd43afbc92cb9ebdaf9583;carbon dioxide storage from lignite, pre, pipeline 200km, storage 1000m;RER;carbon dioxide storage from lignite, pre, pipeline 200km, storage 1000m;;[];carbon dioxide storage from lignite, pre, pipeline 200km, storage 1000m;-1.0;kilogram;carbon dioxide storage from lignite, pre, pipeline 200km, storage 1000m;;production;RER;ecoinvent_cutoff_3.9_remind_SSP2-PkBudg500_2080
822257e92a314598b7e66f9ba1638b6d;electricity production, at co-generation wood-fired power plant, post, pipeline 200km, storage 1000m;RER;electricity, high voltage;;[];carbon dioxide, captured at wood burning power plant 20 MW post, pipeline 200km, storage 1000m;-1.5115380122292617;kilogram;carbon dioxide, captured at wood burning power plant 20 MW post, pipeline 200km, storage 1000m;;technosphere;RER;ecoinvent_cutoff_3.9_remind_SSP2-PkBudg500_2080
8251522001ad44d483804633cb87bedd;carbon dioxide, captured from hard coal-fired power plant, post, pipeline 200km, storage 1000m;RER;carbon dioxide, captured from hard coal-fired power plant, post, pipeline 200km, storage 1000m;;[];carbon dioxide, captured from hard coal-fired power plant, post, pipeline 200km, storage 1000m;-1.0;kilogram;carbon dioxide, captured from hard coal-fired power plant, post, pipeline 200km, storage 1000m;;production;RER;ecoinvent_cutoff_3.9_remind_SSP2-PkBudg500_2080
8251522001ad44d483804633cb87bedd;carbon dioxide, captured from hard coal-fired power plant, post, pipeline 200km, storage 1000m;RER;carbon dioxide, captured from hard coal-fired power plant, post, pipeline 200km, storage 1000m;;[];carbon dioxide storage from hard coal, post, pipeline 200km, storage 1000m;-1.0;kilogram;carbon dioxide storage from hard coal, post, pipeline 200km, storage 1000m;;technosphere;RER;ecoinvent_cutoff_3.9_remind_SSP2-PkBudg500_2080
83ae1c3a7a04450d98b0f73ea345c957;carbon dioxide storage from lignite, post, pipeline 200km, storage 1000m;RER;carbon dioxide storage from lignite, post, pipeline 200km, storage 1000m;;[];carbon dioxide storage from lignite, post, pipeline 200km, storage 1000m;-1.0;kilogram;carbon dioxide storage from lignite, post, pipeline 200km, storage 1000m;;production;RER;ecoinvent_cutoff_3.9_remind_SSP2-PkBudg500_2080
843e18eedb5244b0a6084fbf815e762f;carbon dioxide storage from hard coal, post, pipeline 400km, storage 3000m;RER;carbon dioxide storage from hard coal, post, pipeline 400km, storage 3000m;;[];carbon dioxide storage from hard coal, post, pipeline 400km, storage 3000m;-1.0;kilogram;carbon dioxide storage from hard coal, post, pipeline 400km, storage 3000m;;production;RER;ecoinvent_cutoff_3.9_remind_SSP2-PkBudg500_2080
8587371622334af89f77c941692c4c5e;ethanol production, via fermentation, from sugarcane, with carbon capture and storage, economic allocation;US;ethanol, from sugarcane;;[];carbon dioxide storage at wood burning power plant 20 MW post, pipeline 200km, storage 1000m;-4.065419723377794;kilogram;carbon dioxide storage at wood burning power plant 20 MW post, pipeline 200km, storage 1000m;;technosphere;RER;ecoinvent_cutoff_3.9_remind_SSP2-PkBudg500_2080
8971c87467274769b0e710d2d7713892;electricity production, at lignite-fired IGCC power plant, pre, pipeline 200km, storage 1000m;RER;electricity, high voltage;;[];carbon dioxide, captured from lignite, pre, pipeline 200km, storage 1000m;-1.0070270270270274;kilogram;carbon dioxide, captured from lignite, pre, pipeline 200km, storage 1000m;;technosphere;RER;ecoinvent_cutoff_3.9_remind_SSP2-PkBudg500_2080
8dfa79f68b164099b9d569e0ede11705;methanol synthesis and distillation, hydrogen from electrolysis, CO2 from cement plant;RER;methanol, purified;;[];carbon dioxide, captured at cement production plant, integrated in fuel production chain;-1.37;kilogram;carbon dioxide, captured and reused;;technosphere;RER;ecoinvent_cutoff_3.9_remind_SSP2-PkBudg500_2080
97da8e0946604407bdfe033876d4a3d3;carbon dioxide, captured from atmosphere and stored, with a solvent-based direct air capture system, 1MtCO2;RER;carbon dioxide, captured from atmosphere;;[];carbon dioxide, captured from atmosphere and stored, with a solvent-based direct air capture system, 1MtCO2;-1.0;kilogram;carbon dioxide, captured from atmosphere;;production;RER;ecoinvent_cutoff_3.9_remind_SSP2-PkBudg500_2080
98b53dcd96cd42f5a291021bcf71da50;carbon dioxide, captured from atmosphere, with a solvent-based direct air capture system, 1MtCO2;RER;carbon dioxide, captured from atmosphere;;[];carbon dioxide, captured from atmosphere, with a solvent-based direct air capture system, 1MtCO2;-1.0;kilogram;carbon dioxide, captured from atmosphere;;production;RER;ecoinvent_cutoff_3.9_remind_SSP2-PkBudg500_2080
98d702bae73b4852b4a21e12cce96199;electricity production, at co-generation hard coal-fired power plant, post, pipeline 200km, storage 1000m;RER;electricity, high voltage;;[];carbon dioxide, captured from hard coal-fired power plant, oxy, pipeline 200km, storage 1000m;-0.9416673993012984;kilogram;carbon dioxide, captured from hard coal-fired power plant, oxy, pipeline 200km, storage 1000m;;technosphere;RER;ecoinvent_cutoff_3.9_remind_SSP2-PkBudg500_2080
99b03a83477c450ca1747876bc903a58;carbon dioxide storage at synthetic natural gas plant, post, 200km pipeline, storage 1000m;RER;carbon dioxide storage at synthetic natural gas plant, post, 200km pipeline, storage 1000m;;[];carbon dioxide storage at synthetic natural gas plant, post, 200km pipeline, storage 1000m;-1.0;kilogram;carbon dioxide storage at synthetic natural gas plant, post, 200km pipeline, storage 1000m;;production;RER;ecoinvent_cutoff_3.9_remind_SSP2-PkBudg500_2080
99f08e5897b94adfbc250153237b46cf;carbon dioxide, captured from natural gas, post, 200km pipeline, storage 1000m;RER;carbon dioxide, captured from natural gas, post, 200km pipeline, storage 1000m;;[];carbon dioxide, captured from natural gas, post, 200km pipeline, storage 1000m;-1.0;kilogram;carbon dioxide, captured from natural gas, post, 200km pipeline, storage 1000m;;production;RER;ecoinvent_cutoff_3.9_remind_SSP2-PkBudg500_2080
99f08e5897b94adfbc250153237b46cf;carbon dioxide, captured from natural gas, post, 200km pipeline, storage 1000m;RER;carbon dioxide, captured from natural gas, post, 200km pipeline, storage 1000m;;[];carbon dioxide storage from natural gas, post, 200km pipeline, storage 1000m;-1.0;kilogram;carbon dioxide storage from natural gas, post, 200km pipeline, storage 1000m;;technosphere;RER;ecoinvent_cutoff_3.9_remind_SSP2-PkBudg500_2080
9a20d1d84c1846fea7ceb1a0d237c6fd;carbon dioxide, captured from atmosphere and stored, with a sorbent-based direct air capture system, 100ktCO2;RER;carbon dioxide, captured from atmosphere;;[];carbon dioxide, captured from atmosphere and stored, with a sorbent-based direct air capture system, 100ktCO2;-1.0;kilogram;carbon dioxide, captured from atmosphere;;production;RER;ecoinvent_cutoff_3.9_remind_SSP2-PkBudg500_2080
9f91ab8517fb40f9ba7fc5f638d4a76b;ethanol production, via fermentation, from switchgrass, with carbon capture and storage, economic allocation;US;ethanol, from switchgrass;;[];carbon dioxide storage at wood burning power plant 20 MW post, pipeline 200km, storage 1000m;-3.2483522440161696;kilogram;carbon dioxide storage at wood burning power plant 20 MW post, pipeline 200km, storage 1000m;;technosphere;RER;ecoinvent_cutoff_3.9_remind_SSP2-PkBudg500_2080
9fc7cccf41aa42b097e054527ac6c976;carbon dioxide, captured at synthetic natural gas plant, post, 200km pipeline, storage 1000m;RER;carbon dioxide, captured at synthetic natural gas plant, post, 200km pipeline, storage 1000m;;[];carbon dioxide, captured at synthetic natural gas plant, post, 200km pipeline, storage 1000m;-1.0;kilogram;carbon dioxide, captured at synthetic natural gas plant, post, 200km pipeline, storage 1000m;;production;RER;ecoinvent_cutoff_3.9_remind_SSP2-PkBudg500_2080
9fc7cccf41aa42b097e054527ac6c976;carbon dioxide, captured at synthetic natural gas plant, post, 200km pipeline, storage 1000m;RER;carbon dioxide, captured at synthetic natural gas plant, post, 200km pipeline, storage 1000m;;[];carbon dioxide storage at synthetic natural gas plant, post, 200km pipeline, storage 1000m;-1.0;kilogram;carbon dioxide storage at synthetic natural gas plant, post, 200km pipeline, storage 1000m;;technosphere;RER;ecoinvent_cutoff_3.9_remind_SSP2-PkBudg500_2080
a2e7cfd5f04e41b9b84ec4259a2a3bd9;electricity production, at lignite-fired power plant, oxy, pipeline 200km, storage 1000m;RER;electricity, high voltage;;[];carbon dioxide, captured from lignite, oxy, pipeline 200km, storage 1000m;-1.0629729729729733;kilogram;carbon dioxide, captured from lignite, oxy, pipeline 200km, storage 1000m;;technosphere;RER;ecoinvent_cutoff_3.9_remind_SSP2-PkBudg500_2080
a3c89ef47c304157800fe4c97aa632af;carbon dioxide, captured at cement production plant, integrated in fuel production chain;RER;carbon dioxide, captured and reused;;[];carbon dioxide, captured at cement production plant, integrated in fuel production chain;-1.0;kilogram;carbon dioxide, captured and reused;;production;RER;ecoinvent_cutoff_3.9_remind_SSP2-PkBudg500_2080
a563b8fab50b491e94cf722777bc7ca4;carbon dioxide, captured from lignite, pre, pipeline 200km, storage 1000m;RER;carbon dioxide, captured from lignite, pre, pipeline 200km, storage 1000m;;[];carbon dioxide, captured from lignite, pre, pipeline 200km, storage 1000m;-1.0;kilogram;carbon dioxide, captured from lignite, pre, pipeline 200km, storage 1000m;;production;RER;ecoinvent_cutoff_3.9_remind_SSP2-PkBudg500_2080
a563b8fab50b491e94cf722777bc7ca4;carbon dioxide, captured from lignite, pre, pipeline 200km, storage 1000m;RER;carbon dioxide, captured from lignite, pre, pipeline 200km, storage 1000m;;[];carbon dioxide storage from lignite, pre, pipeline 200km, storage 1000m;-1.0;kilogram;carbon dioxide storage from lignite, pre, pipeline 200km, storage 1000m;;technosphere;RER;ecoinvent_cutoff_3.9_remind_SSP2-PkBudg500_2080
a93951b8d2dd4546b538e6c70cb503e5;methane, from electrochemical methanation, with carbon from cement plant;RER;methane, from electrochemical methanation;;[];carbon dioxide, captured at cement production plant, for subsequent reuse;-2.750348675034868;kilogram;carbon dioxide, captured and reused;;technosphere;RER;ecoinvent_cutoff_3.9_remind_SSP2-PkBudg500_2080
ae7c7075098a4b87abdb955a96716b68;methane, from biological methanation, with carbon from municipal waste incineration plant;RER;methane, from biological methanation;;[];carbon dioxide, captured at municipal solid waste incineration plant, for subsequent reuse;-2.75;kilogram;carbon dioxide, captured and reused;;technosphere;RER;ecoinvent_cutoff_3.9_remind_SSP2-PkBudg500_2080
babdf71d380843ab97b5035cfdee4151;ethanol production, via fermentation, from sugarcane, with carbon capture and storage, system expansion;US;ethanol, from sugarcane;;[];carbon dioxide storage at wood burning power plant 20 MW post, pipeline 200km, storage 1000m;-6.527313648442459;kilogram;carbon dioxide storage at wood burning power plant 20 MW post, pipeline 200km, storage 1000m;;technosphere;RER;ecoinvent_cutoff_3.9_remind_SSP2-PkBudg500_2080
bc504cfcb8844b2a975413614f107933;hydrogen production, gaseous, 25 bar, from heatpipe reformer gasification of woody biomass with CCS, at gasification plant;RER;hydrogen, gaseous, 25 bar;;[];carbon dioxide, captured at hydrogen production plant, pre, pipeline 200km, storage 1000m;-10.68991;kilogram;carbon dioxide, captured at hydrogen production plant, pre, pipeline 200km, storage 1000m;;technosphere;RER;ecoinvent_cutoff_3.9_remind_SSP2-PkBudg500_2080
c00b4fe585d042c693375233e37b331c;carbon dioxide, captured from natural gas, post, 400km pipeline, storage 1000m;RER;carbon dioxide, captured from natural gas, post, 400km pipeline, storage 1000m;;[];carbon dioxide, captured from natural gas, post, 400km pipeline, storage 1000m;-1.0;kilogram;carbon dioxide, captured from natural gas, post, 400km pipeline, storage 1000m;;production;RER;ecoinvent_cutoff_3.9_remind_SSP2-PkBudg500_2080
c00b4fe585d042c693375233e37b331c;carbon dioxide, captured from natural gas, post, 400km pipeline, storage 1000m;RER;carbon dioxide, captured from natural gas, post, 400km pipeline, storage 1000m;;[];carbon dioxide storage from natural gas, post, 400km pipeline, storage 1000m;-1.0;kilogram;carbon dioxide storage from natural gas, post, 400km pipeline, storage 1000m;;technosphere;RER;ecoinvent_cutoff_3.9_remind_SSP2-PkBudg500_2080
c0e1f65d29eb4a87bde5b1926b32144a;electricity production, at biomethane-fired power plant, post, pipeline 200km, storage 1000m;RER;electricity, high voltage;;[];carbon dioxide, captured from natural gas, post, 200km pipeline, storage 1000m;-0.30541455;kilogram;carbon dioxide, captured from natural gas, post, 200km pipeline, storage 1000m;;technosphere;RER;ecoinvent_cutoff_3.9_remind_SSP2-PkBudg500_2080
c57ae0d024334be1952dc630a54a7a7c;carbon dioxide, captured from hard coal-fired power plant, oxy, pipeline 200km, storage 1000m;RER;carbon dioxide, captured from hard coal-fired power plant, oxy, pipeline 200km, storage 1000m;;[];carbon dioxide, captured from hard coal-fired power plant, oxy, pipeline 200km, storage 1000m;-1.0;kilogram;carbon dioxide, captured from hard coal-fired power plant, oxy, pipeline 200km, storage 1000m;;production;RER;ecoinvent_cutoff_3.9_remind_SSP2-PkBudg500_2080
c57ae0d024334be1952dc630a54a7a7c;carbon dioxide, captured from hard coal-fired power plant, oxy, pipeline 200km, storage 1000m;RER;carbon dioxide, captured from hard coal-fired power plant, oxy, pipeline 200km, storage 1000m;;[];carbon dioxide storage from hard coal, oxy, pipeline 200km, storage 1000m;-1.0;kilogram;carbon dioxide storage from hard coal, oxy, pipeline 200km, storage 1000m;;technosphere;RER;ecoinvent_cutoff_3.9_remind_SSP2-PkBudg500_2080
c611d3a8502c400788be030bc94520e7;ethanol production, via fermentation, from eucalyptus, with carbon capture and storage;ES;ethanol, from eucalyptus;;[];carbon dioxide storage at wood burning power plant 20 MW post, pipeline 200km, storage 1000m;-4.095;kilogram;carbon dioxide storage at wood burning power plant 20 MW post, pipeline 200km, storage 1000m;;technosphere;RER;ecoinvent_cutoff_3.9_remind_SSP2-PkBudg500_2080
c6fb224efdec4b628b4d3ef1c780ef3d;carbon monoxide, from RWGS, for Fischer Tropsch process, hydrogen from electrolysis;RER;carbon monoxide, from RWGS;;[];carbon dioxide, captured from atmosphere, with a solvent-based direct air capture system, 1MtCO2;-1.57;kilogram;carbon dioxide, captured from atmosphere;;technosphere;RER;ecoinvent_cutoff_3.9_remind_SSP2-PkBudg500_2080
cc4492105ee545aca3808cbeeaa3c3d0;ethanol production, via fermentation, from sugarbeet, with carbon capture and storage, energy allocation;RER;ethanol, from sugarbeet;;[];carbon dioxide storage at wood burning power plant 20 MW post, pipeline 200km, storage 1000m;-1.8047940624999999;kilogram;carbon dioxide storage at wood burning power plant 20 MW post, pipeline 200km, storage 1000m;;technosphere;RER;ecoinvent_cutoff_3.9_remind_SSP2-PkBudg500_2080
cca9e408378149d59befea4f1a96b0d0;ethanol production, via fermentation, from switchgrass, with carbon capture and storage, system expansion;US;ethanol, from switchgrass;;[];carbon dioxide storage at wood burning power plant 20 MW post, pipeline 200km, storage 1000m;-4.0610286101163116;kilogram;carbon dioxide storage at wood burning power plant 20 MW post, pipeline 200km, storage 1000m;;technosphere;RER;ecoinvent_cutoff_3.9_remind_SSP2-PkBudg500_2080
cefa21d814414e18b97fda524eaca2e7;carbon dioxide, captured from lignite, post, pipeline 200km, storage 1000m;RER;carbon dioxide, captured from lignite, post, pipeline 200km, storage 1000m;;[];carbon dioxide, captured from lignite, post, pipeline 200km, storage 1000m;-1.0;kilogram;carbon dioxide, captured from lignite, post, pipeline 200km, storage 1000m;;production;RER;ecoinvent_cutoff_3.9_remind_SSP2-PkBudg500_2080
cefa21d814414e18b97fda524eaca2e7;carbon dioxide, captured from lignite, post, pipeline 200km, storage 1000m;RER;carbon dioxide, captured from lignite, post, pipeline 200km, storage 1000m;;[];carbon dioxide storage from lignite, post, pipeline 200km, storage 1000m;-1.0;kilogram;carbon dioxide storage from lignite, post, pipeline 200km, storage 1000m;;technosphere;RER;ecoinvent_cutoff_3.9_remind_SSP2-PkBudg500_2080
d0e2cb50ec9e4eca85fc40a9aa550c50;carbon dioxide, captured from hard coal-fired power plant, pre, pipeline 200km, storage 1000m;RER;carbon dioxide, captured from hard coal-fired power plant, pre, pipeline 200km, storage 1000m;;[];carbon dioxide, captured from hard coal-fired power plant, pre, pipeline 200km, storage 1000m;-1.0;kilogram;carbon dioxide, captured from hard coal-fired power plant, pre, pipeline 200km, storage 1000m;;production;RER;ecoinvent_cutoff_3.9_remind_SSP2-PkBudg500_2080
d0e2cb50ec9e4eca85fc40a9aa550c50;carbon dioxide, captured from hard coal-fired power plant, pre, pipeline 200km, storage 1000m;RER;carbon dioxide, captured from hard coal-fired power plant, pre, pipeline 200km, storage 1000m;;[];carbon dioxide storage from hard coal, pre, pipeline 200km, storage 1000m;-1.0;kilogram;carbon dioxide storage from hard coal, pre, pipeline 200km, storage 1000m;;technosphere;RER;ecoinvent_cutoff_3.9_remind_SSP2-PkBudg500_2080
d2cf5c13fe7c469f89b51e553fb07495;hydrogen production, steam methane reforming, from biomethane, high and low temperature, with CCS (MDEA, 98% eff.), 26 bar;CH;hydrogen, gaseous, 26 bar;;[];carbon dioxide, captured at hydrogen production plant, pre, pipeline 200km, storage 1000m;-6.149690995325822;kilogram;carbon dioxide, captured at hydrogen production plant, pre, pipeline 200km, storage 1000m;;technosphere;RER;ecoinvent_cutoff_3.9_remind_SSP2-PkBudg500_2080
d7c160e200e34b0da240c14ee74e5082;electricity production, at hard coal-fired power plant, post, pipeline 200km, storage 1000m;RER;electricity, high voltage;;[];carbon dioxide, captured from hard coal-fired power plant, post, pipeline 200km, storage 1000m;-0.8820000000000002;kilogram;carbon dioxide, captured from hard coal-fired power plant, post, pipeline 200km, storage 1000m;;technosphere;RER;ecoinvent_cutoff_3.9_remind_SSP2-PkBudg500_2080
dc70a10b35da492b8078c12d1855ab69;carbon dioxide storage from hard coal, oxy, pipeline 200km, storage 1000m;RER;carbon dioxide storage from hard coal, oxy, pipeline 200km, storage 1000m;;[];carbon dioxide storage from hard coal, oxy, pipeline 200km, storage 1000m;-1.0;kilogram;carbon dioxide storage from hard coal, oxy, pipeline 200km, storage 1000m;;production;RER;ecoinvent_cutoff_3.9_remind_SSP2-PkBudg500_2080
e0629feff9e64d04a2ea309bf7471b46;hydrogen production, auto-thermal reforming of natural gas, with CCS (MDEA, 98% eff.), 25 bar;RER;hydrogen, gaseous, 25 bar;;[];carbon dioxide, captured at hydrogen production plant, pre, pipeline 200km, storage 1000m;-8.344263474242371;kilogram;carbon dioxide, captured at hydrogen production plant, pre, pipeline 200km, storage 1000m;;technosphere;RER;ecoinvent_cutoff_3.9_remind_SSP2-PkBudg500_2080
e106a3d16a584df385092676e4cfdff5;hydrogen, from steam reforming of biomassgas, at reforming plant, pre, pipeline 400km, storage 3000m;RER;hydrogen, from steam reforming of biomassgas, at reforming plant, pre, pipeline 400km, storage 3000m;;[];carbon dioxide, captured at hydrogen production plant, pre, pipeline 200km, storage 1000m;-0.0496;kilogram;carbon dioxide, captured at hydrogen production plant, pre, pipeline 200km, storage 1000m;;technosphere;RER;ecoinvent_cutoff_3.9_remind_SSP2-PkBudg500_2080
e53ca8858f364d5b86bc7c672ab44b86;biodiesel production, via transesterification, from used cooking oil, with carbon capture and storage, energy allocation;RER;biodiesel, from cooking oil;;[];carbon dioxide storage at wood burning power plant 20 MW post, pipeline 200km, storage 1000m;-0.872083333333333;kilogram;carbon dioxide storage at wood burning power plant 20 MW post, pipeline 200km, storage 1000m;;technosphere;RER;ecoinvent_cutoff_3.9_remind_SSP2-PkBudg500_2080
e5ea85f5d6904a8baf62671534a0161b;electricity production, at biomass-fired IGCC power plant, pre, pipeline 200km, storage 1000m;RER;electricity, high voltage;;[];carbon dioxide, captured at wood burning power plant 20 MW post, pipeline 200km, storage 1000m;-0.9774;kilogram;carbon dioxide, captured at wood burning power plant 20 MW post, pipeline 200km, storage 1000m;;technosphere;RER;ecoinvent_cutoff_3.9_remind_SSP2-PkBudg500_2080
e65f393b9768411f9d41256c79b8c260;hydrogen production, gaseous, 25 bar, from gasification of woody biomass in entrained flow gasifier, with CCS, at gasification plant;RER;hydrogen, gaseous, 25 bar;;[];carbon dioxide, captured at hydrogen production plant, pre, pipeline 200km, storage 1000m;-19.58557;kilogram;carbon dioxide, captured at hydrogen production plant, pre, pipeline 200km, storage 1000m;;technosphere;RER;ecoinvent_cutoff_3.9_remind_SSP2-PkBudg500_2080
eca9ef77e69f4134ad1d1fe75bbd41c2;heat production, at co-generation oil-fired power plant, post, pipeline 200km, storage 1000m;RER;heat, district or industrial, other than natural gas;;[];carbon dioxide, captured from hard coal-fired power plant, post, pipeline 200km, storage 1000m;-0.029302470000000004;kilogram;carbon dioxide, captured from hard coal-fired power plant, post, pipeline 200km, storage 1000m;;technosphere;RER;ecoinvent_cutoff_3.9_remind_SSP2-PkBudg500_2080
ecba5b8207a84d7a9619b23c33f57ad9;carbon dioxide, captured at wood burning power plant 20 MW post, pipeline 200km, storage 1000m;RER;carbon dioxide, captured at wood burning power plant 20 MW post, pipeline 200km, storage 1000m;;[];carbon dioxide, captured at wood burning power plant 20 MW post, pipeline 200km, storage 1000m;-1.0;kilogram;carbon dioxide, captured at wood burning power plant 20 MW post, pipeline 200km, storage 1000m;;production;RER;ecoinvent_cutoff_3.9_remind_SSP2-PkBudg500_2080
ecba5b8207a84d7a9619b23c33f57ad9;carbon dioxide, captured at wood burning power plant 20 MW post, pipeline 200km, storage 1000m;RER;carbon dioxide, captured at wood burning power plant 20 MW post, pipeline 200km, storage 1000m;;[];carbon dioxide storage at wood burning power plant 20 MW post, pipeline 200km, storage 1000m;-1.0;kilogram;carbon dioxide storage at wood burning power plant 20 MW post, pipeline 200km, storage 1000m;;technosphere;RER;ecoinvent_cutoff_3.9_remind_SSP2-PkBudg500_2080
edddef71bea340f2a3b1e92d71d47e24;carbon dioxide storage from hard coal, oxy, pipeline 400km, storage 3000m;RER;carbon dioxide storage from hard coal, oxy, pipeline 400km, storage 3000m;;[];carbon dioxide storage from hard coal, oxy, pipeline 400km, storage 3000m;-1.0;kilogram;carbon dioxide storage from hard coal, oxy, pipeline 400km, storage 3000m;;production;RER;ecoinvent_cutoff_3.9_remind_SSP2-PkBudg500_2080
eedc760495e84933b265fd180d864035;hydrogen production, steam methane reforming of natural gas, with CCS (MDEA, 98% eff.), 25 bar;CH;hydrogen, gaseous, 25 bar;;[];carbon dioxide, captured at hydrogen production plant, pre, pipeline 200km, storage 1000m;-6.161167019605815;kilogram;carbon dioxide, captured at hydrogen production plant, pre, pipeline 200km, storage 1000m;;technosphere;RER;ecoinvent_cutoff_3.9_remind_SSP2-PkBudg500_2080
f191e9f96f234a3da3c074aff4f88f29;carbon dioxide storage from lignite, oxy, pipeline 400km, storage 3000m;RER;carbon dioxide storage from lignite, oxy, pipeline 400km, storage 3000m;;[];carbon dioxide storage from lignite, oxy, pipeline 400km, storage 3000m;-1.0;kilogram;carbon dioxide storage from lignite, oxy, pipeline 400km, storage 3000m;;production;RER;ecoinvent_cutoff_3.9_remind_SSP2-PkBudg500_2080
f658a070b036430a8c644122c9f2f443;electricity production, at co-generation natural gas-fired power plant, post, pipeline 200km, storage 1000m;RER;electricity, high voltage;;[];carbon dioxide, captured from natural gas, post, 200km pipeline, storage 1000m;-0.4281854400000001;kilogram;carbon dioxide, captured from natural gas, post, 200km pipeline, storage 1000m;;technosphere;RER;ecoinvent_cutoff_3.9_remind_SSP2-PkBudg500_2080
f8c028e3569c49c8a4187990d0899a69;carbon dioxide storage from hard coal, post, pipeline 200km, storage 1000m;RER;carbon dioxide storage from hard coal, post, pipeline 200km, storage 1000m;;[];carbon dioxide storage from hard coal, post, pipeline 200km, storage 1000m;-1.0;kilogram;carbon dioxide storage from hard coal, post, pipeline 200km, storage 1000m;;production;RER;ecoinvent_cutoff_3.9_remind_SSP2-PkBudg500_2080
f96d5656d4534a0faef8a0d8e846d46a;carbon dioxide, captured at hydrogen production plant, pre, pipeline 400km, storage 3000m;RER;carbon dioxide, captured at hydrogen production plant, pre, pipeline 400km, storage 3000m;;[];carbon dioxide, captured at hydrogen production plant, pre, pipeline 400km, storage 3000m;-1.0;kilogram;carbon dioxide, captured at hydrogen production plant, pre, pipeline 400km, storage 3000m;;production;RER;ecoinvent_cutoff_3.9_remind_SSP2-PkBudg500_2080
f96d5656d4534a0faef8a0d8e846d46a;carbon dioxide, captured at hydrogen production plant, pre, pipeline 400km, storage 3000m;RER;carbon dioxide, captured at hydrogen production plant, pre, pipeline 400km, storage 3000m;;[];carbon dioxide storage at hydrogen production plant, pre, pipeline 400km, storage 3000m;-1.0;kilogram;carbon dioxide storage at hydrogen production plant, pre, pipeline 400km, storage 3000m;;technosphere;RER;ecoinvent_cutoff_3.9_remind_SSP2-PkBudg500_2080
f99a33e767284a939d81d493b9b895d8;ethanol production, via fermentation, from forest residue, with carbon capture and storage, energy allocation;US;ethanol, from forest residue;;[];carbon dioxide storage at wood burning power plant 20 MW post, pipeline 200km, storage 1000m;-5.020489028070721;kilogram;carbon dioxide storage at wood burning power plant 20 MW post, pipeline 200km, storage 1000m;;technosphere;RER;ecoinvent_cutoff_3.9_remind_SSP2-PkBudg500_2080
fa70d39d01cb4f1291d13e679fcf2b04;carbon dioxide, captured from natural gas, pre, 200km pipeline, storage 1000m;RER;carbon dioxide, captured from natural gas, pre, 200km pipeline, storage 1000m;;[];carbon dioxide, captured from natural gas, pre, 200km pipeline, storage 1000m;-1.0;kilogram;carbon dioxide, captured from natural gas, pre, 200km pipeline, storage 1000m;;production;RER;ecoinvent_cutoff_3.9_remind_SSP2-PkBudg500_2080
fa70d39d01cb4f1291d13e679fcf2b04;carbon dioxide, captured from natural gas, pre, 200km pipeline, storage 1000m;RER;carbon dioxide, captured from natural gas, pre, 200km pipeline, storage 1000m;;[];carbon dioxide storage from natural gas, pre, 200km pipeline, storage 1000m;-1.0;kilogram;carbon dioxide storage from natural gas, pre, 200km pipeline, storage 1000m;;technosphere;RER;ecoinvent_cutoff_3.9_remind_SSP2-PkBudg500_2080
fd1044f1939140b698b0ec156afd1880;carbon dioxide, captured at hydrogen production plant, pre, pipeline 200km, storage 1000m;RER;carbon dioxide, captured at hydrogen production plant, pre, pipeline 200km, storage 1000m;;[];carbon dioxide, captured at hydrogen production plant, pre, pipeline 200km, storage 1000m;-1.0;kilogram;carbon dioxide, captured at hydrogen production plant, pre, pipeline 200km, storage 1000m;;production;RER;ecoinvent_cutoff_3.9_remind_SSP2-PkBudg500_2080
fd1044f1939140b698b0ec156afd1880;carbon dioxide, captured at hydrogen production plant, pre, pipeline 200km, storage 1000m;RER;carbon dioxide, captured at hydrogen production plant, pre, pipeline 200km, storage 1000m;;[];carbon dioxide storage at hydrogen production plant, pre, pipeline 200km, storage 1000m;-1.0;kilogram;carbon dioxide storage at hydrogen production plant, pre, pipeline 200km, storage 1000m;;technosphere;RER;ecoinvent_cutoff_3.9_remind_SSP2-PkBudg500_2080
ff89fbfe18234b57a20a767457525a78;heat production, at co-generation wood-fired power plant, post, pipeline 200km, storage 1000m;RER;heat, district or industrial, other than natural gas;;[];carbon dioxide, captured at wood burning power plant 20 MW post, pipeline 200km, storage 1000m;-0.07124238;kilogram;carbon dioxide, captured at wood burning power plant 20 MW post, pipeline 200km, storage 1000m;;technosphere;RER;ecoinvent_cutoff_3.9_remind_SSP2-PkBudg500_2080
