code;name;unit;location;reference product;database;production amount;material_group;ISIC;CPC
612a9183c7bac2685fb87a699974c8aa;market for helium;kilogram;GLO;helium;ecoinvent_cutoff_3.9_remind_SSP1-Base_2020;;helium;2011:Manufacture of basic chemicals;"34231: Chemical elements n.e.c.; inorganic acids except phosphoric, nitric and sulphonitric; inorganic oxygen compoun[…]"
e7bb282744e6bbf0ab868a80ba3ce1bd;market for natural gas, high pressure;cubic meter;HU;natural gas, high pressure;ecoinvent_cutoff_3.9_remind_SSP1-Base_2020;;natural gas;"3520:Manufacture of gas; distribution of gaseous fuels through mains";12020: Natural gas, liquefied or in the gaseous state
adee2d8427750b2e3bab903e8a48dab7;market for natural gas, high pressure;cubic meter;LY;natural gas, high pressure;ecoinvent_cutoff_3.9_remind_SSP1-Base_2020;;natural gas;"3520:Manufacture of gas; distribution of gaseous fuels through mains";12020: Natural gas, liquefied or in the gaseous state
8fe71e00ac03aa41e073629a7bd4602e;market for natural gas, high pressure;cubic meter;AT;natural gas, high pressure;ecoinvent_cutoff_3.9_remind_SSP1-Base_2020;;natural gas;"3520:Manufacture of gas; distribution of gaseous fuels through mains";12020: Natural gas, liquefied or in the gaseous state
fd558441fc3d04fe59887ab30ce51119;market for graphite;kilogram;GLO;graphite;ecoinvent_cutoff_3.9_remind_SSP1-Base_2020;;graphite;0899:Other mining and quarrying n.e.c.;16390: Other minerals n.e.c.
c5aaabb0eaa049c8a786b649ef82ef20;market for cement, unspecified;kilogram;OAS;cement, unspecified;ecoinvent_cutoff_3.9_remind_SSP1-Base_2020;;cement;2394:Manufacture of cement, lime and plaster;374: Plaster, lime and cement
bf86ce8df62b9874946278b1fe540515;market for cement, unspecified;kilogram;CA-QC;cement, unspecified;ecoinvent_cutoff_3.9_remind_SSP1-Base_2020;;cement;2394:Manufacture of cement, lime and plaster;374: Plaster, lime and cement
535985c8ac448aad0e65dbbc0240f3b6;market for natural gas, high pressure;cubic meter;KW;natural gas, high pressure;ecoinvent_cutoff_3.9_remind_SSP1-Base_2020;;natural gas;"3520:Manufacture of gas; distribution of gaseous fuels through mains";12020: Natural gas, liquefied or in the gaseous state
ab6a81dd5e1ed8e4c69d8a1f27b9099d;market for natural gas, high pressure;cubic meter;CA;natural gas, high pressure;ecoinvent_cutoff_3.9_remind_SSP1-Base_2020;;natural gas;"3520:Manufacture of gas; distribution of gaseous fuels through mains";12020: Natural gas, liquefied or in the gaseous state
c8de1013e1728007e0c0dfa8942b6dfb;market for natural gas, high pressure;cubic meter;DE;natural gas, high pressure;ecoinvent_cutoff_3.9_remind_SSP1-Base_2020;;natural gas;"3520:Manufacture of gas; distribution of gaseous fuels through mains";12020: Natural gas, liquefied or in the gaseous state
1a07bf6d0564b49db80ab54f5dc3f2c1;market for natural gas, high pressure;cubic meter;GR;natural gas, high pressure;ecoinvent_cutoff_3.9_remind_SSP1-Base_2020;;natural gas;"3520:Manufacture of gas; distribution of gaseous fuels through mains";12020: Natural gas, liquefied or in the gaseous state
67ece99ef0c5d14c8608c570092a6ee5;market for silicon, single crystal, Czochralski process, photovoltaics;kilogram;RoW;silicon, single crystal, Czochralski process, photovoltaics;ecoinvent_cutoff_3.9_remind_SSP1-Base_2020;;silicon;2011:Manufacture of basic chemicals;34: Basic chemicals
257fcd6c26c5d572b77099887f9b31ea;market for natural gas, high pressure;cubic meter;BR;natural gas, high pressure;ecoinvent_cutoff_3.9_remind_SSP1-Base_2020;;natural gas;"3520:Manufacture of gas; distribution of gaseous fuels through mains";12020: Natural gas, liquefied or in the gaseous state
a1efd43d1cb0bb60e73776540e2b96e1;market for natural gas, low pressure;cubic meter;US;natural gas, low pressure;ecoinvent_cutoff_3.9_remind_SSP1-Base_2020;;natural gas;"3520:Manufacture of gas; distribution of gaseous fuels through mains";69120: Gas distribution through mains (on own account)
e00cbb03fdc5efbd82cb393eb7edeecf;market for cobalt;kilogram;GLO;cobalt;ecoinvent_cutoff_3.9_remind_SSP1-Base_2020;;cobalt;2420:Manufacture of basic precious and other non-ferrous metals;41601: Tungsten, molybdenum, tantalum, magnesium, cobalt, cadmium, titanium, zirconium, beryllium, gallium, hafnium, […]
643cb7bb6aa045d8a66acf4ed6087cbc;market for natural gas, high pressure;cubic meter;OAS;natural gas, high pressure;ecoinvent_cutoff_3.9_remind_SSP1-Base_2020;;natural gas;"3520:Manufacture of gas; distribution of gaseous fuels through mains";12020: Natural gas, liquefied or in the gaseous state
52e763f4695c75deb689a809de0926c3;market for cement, unspecified;kilogram;US;cement, unspecified;ecoinvent_cutoff_3.9_remind_SSP1-Base_2020;;cement;2394:Manufacture of cement, lime and plaster;374: Plaster, lime and cement
e44d6f6a676cdfff45f5b9eece638152;market for silicon, electronics grade;kilogram;GLO;silicon, electronics grade;ecoinvent_cutoff_3.9_remind_SSP1-Base_2020;;silicon;2011:Manufacture of basic chemicals;342: Basic inorganic chemicals n.e.c.
b96f605497729697a6722cf008f1c62b;market for cement, unspecified;kilogram;CH;cement, unspecified;ecoinvent_cutoff_3.9_remind_SSP1-Base_2020;;cement;2394:Manufacture of cement, lime and plaster;374: Plaster, lime and cement
6058937a9068fbcffaf6ad7f5a15e9bc;market for natural gas, high pressure;cubic meter;RoE;natural gas, high pressure;ecoinvent_cutoff_3.9_remind_SSP1-Base_2020;;natural gas;"3520:Manufacture of gas; distribution of gaseous fuels through mains";12020: Natural gas, liquefied or in the gaseous state
c281a833bcf0446099423f3915238add;market for cement, unspecified;kilogram;USA;cement, unspecified;ecoinvent_cutoff_3.9_remind_SSP1-Base_2020;;cement;2394:Manufacture of cement, lime and plaster;374: Plaster, lime and cement
af1b9da369e14cc9f20170a17290ac5d;market for natural gas, high pressure;cubic meter;RU;natural gas, high pressure;ecoinvent_cutoff_3.9_remind_SSP1-Base_2020;;natural gas;"3520:Manufacture of gas; distribution of gaseous fuels through mains";12020: Natural gas, liquefied or in the gaseous state
7b7c9927f72047549c009d9f41d1bd91;market for cement, unspecified;kilogram;EUR;cement, unspecified;ecoinvent_cutoff_3.9_remind_SSP1-Base_2020;;cement;2394:Manufacture of cement, lime and plaster;374: Plaster, lime and cement
af6145a3bdd771885af82434140d1b0e;market for natural gas, high pressure;cubic meter;QA;natural gas, high pressure;ecoinvent_cutoff_3.9_remind_SSP1-Base_2020;;natural gas;"3520:Manufacture of gas; distribution of gaseous fuels through mains";12020: Natural gas, liquefied or in the gaseous state
7a066d5d8afabf55d46ef6c7c618d64a;market for sand;kilogram;CH;sand;ecoinvent_cutoff_3.9_remind_SSP1-Base_2020;;sand;0810:Quarrying of stone, sand and clay;15310: Natural sands
cc100c3247ef1ad4d989ab07c51aeb45;market for latex;kilogram;RER;latex;ecoinvent_cutoff_3.9_remind_SSP1-Base_2020;;latex;2013:Manufacture of plastics and synthetic rubber in primary forms;"34790: Other plastics in primary forms; ion exchangers"
1276e9961272b2ab3cf63c320d7975e1;market for petroleum;kilogram;CH;petroleum;ecoinvent_cutoff_3.9_remind_SSP1-Base_2020;;petroleum;4661:Wholesale of solid, liquid and gaseous fuels and related products;12010: Petroleum oils and oils obtained from bituminous minerals, crude
de42c824f46fc684a70a53bccfdba6d0;market for gallium, semiconductor-grade;kilogram;GLO;gallium, semiconductor-grade;ecoinvent_cutoff_3.9_remind_SSP1-Base_2020;;gallium;2011:Manufacture of basic chemicals;"34231: Chemical elements n.e.c.; inorganic acids except phosphoric, nitric and sulphonitric; inorganic oxygen compoun[…]"
9dda7f224e77fc74fb02afe71813d089;market for cement, unspecified;kilogram;PE;cement, unspecified;ecoinvent_cutoff_3.9_remind_SSP1-Base_2020;;cement;2394:Manufacture of cement, lime and plaster;374: Plaster, lime and cement
83340827e5d56303fce37c70c44d3e38;market for natural gas, low pressure;cubic meter;NL;natural gas, low pressure;ecoinvent_cutoff_3.9_remind_SSP1-Base_2020;;natural gas;"3520:Manufacture of gas; distribution of gaseous fuels through mains";69120: Gas distribution through mains (on own account)
d864a0190b9688d765c53d3834caff91;market for sand;kilogram;BR;sand;ecoinvent_cutoff_3.9_remind_SSP1-Base_2020;;sand;0810:Quarrying of stone, sand and clay;15310: Natural sands
72c8c162633f57f8a8679424cf6b588a;market for vegetable oil, refined;kilogram;GLO;vegetable oil, refined;ecoinvent_cutoff_3.9_remind_SSP1-Base_2020;;vegetable oil;1040:Manufacture of vegetable and animal oils and fats;216: Vegetable oils
e9fb344e05b371d6652480f29b2fadc0;market for natural gas, high pressure;cubic meter;DK;natural gas, high pressure;ecoinvent_cutoff_3.9_remind_SSP1-Base_2020;;natural gas;"3520:Manufacture of gas; distribution of gaseous fuels through mains";12020: Natural gas, liquefied or in the gaseous state
4a61290db042f90ac7e28c9428ccd272;market for calcium borates;kilogram;GLO;calcium borates;ecoinvent_cutoff_3.9_remind_SSP1-Base_2020;;borates;0891:Mining of chemical and fertilizer minerals;346: Fertilizers and pesticides
14c93a6106e639bb246c06f0a84e2dc7;market for rare earth oxide concentrate, 50% REO;kilogram;GLO;rare earth oxide concentrate, 50% REO;ecoinvent_cutoff_3.9_remind_SSP1-Base_2020;;rare earth;0729:Mining of other non-ferrous metal ores;34290: Compounds of rare earth metals, of yttrium or of scandium
856e61df08151a0ade129c99b8e63b94;market for indium;kilogram;GLO;indium;ecoinvent_cutoff_3.9_remind_SSP1-Base_2020;;indium;2011:Manufacture of basic chemicals;"34231: Chemical elements n.e.c.; inorganic acids except phosphoric, nitric and sulphonitric; inorganic oxygen compoun[…]"
105d34b6b34a5de233596a08ebb30578;market for scandium oxide;kilogram;GLO;scandium oxide;ecoinvent_cutoff_3.9_remind_SSP1-Base_2020;;scandium;2420:Manufacture of basic precious and other non-ferrous metals;34290: Compounds of rare earth metals, of yttrium or of scandium
d1f8d72888b7e9d0a241fda2dcd2ce91;market for natural gas, high pressure;cubic meter;MX;natural gas, high pressure;ecoinvent_cutoff_3.9_remind_SSP1-Base_2020;;natural gas;"3520:Manufacture of gas; distribution of gaseous fuels through mains";12020: Natural gas, liquefied or in the gaseous state
12aa2aaf9ee44cecbebc560d092afe7d;market for cement, unspecified;kilogram;IND;cement, unspecified;ecoinvent_cutoff_3.9_remind_SSP1-Base_2020;;cement;2394:Manufacture of cement, lime and plaster;374: Plaster, lime and cement
84c52a94bf58be855ac22e6a538a16ba;market for natural gas, high pressure;cubic meter;PL;natural gas, high pressure;ecoinvent_cutoff_3.9_remind_SSP1-Base_2020;;natural gas;"3520:Manufacture of gas; distribution of gaseous fuels through mains";12020: Natural gas, liquefied or in the gaseous state
36312a62a043eb8374d232cf30167c22;market for gold;kilogram;GLO;gold;ecoinvent_cutoff_3.9_remind_SSP1-Base_2020;;gold;0729:Mining of other non-ferrous metal ores;41320: Gold (including gold plated with platinum), unwrought or in semi-manufactured forms, or in powder form
1b84b544795aa81adac19bb37e7a28ce;market for natural gas, high pressure;cubic meter;NO;natural gas, high pressure;ecoinvent_cutoff_3.9_remind_SSP1-Base_2020;;natural gas;"3520:Manufacture of gas; distribution of gaseous fuels through mains";12020: Natural gas, liquefied or in the gaseous state
63c1ac90c04ce17ee2378c39a2ce6849;market for natural gas, low pressure;cubic meter;RoW;natural gas, low pressure;ecoinvent_cutoff_3.9_remind_SSP1-Base_2020;;natural gas;"3520:Manufacture of gas; distribution of gaseous fuels through mains";69120: Gas distribution through mains (on own account)
7457a65c3bcddd58ce6013baabb78d0b;market for antimony;kilogram;GLO;antimony;ecoinvent_cutoff_3.9_remind_SSP1-Base_2020;;antimony;2420:Manufacture of basic precious and other non-ferrous metals;"41603: Bismuth, antimony, manganese, chromium and articles thereof; including waste and scrap of bismuth or manganese"
59cf8916e90678fe85a12f5b5666972e;market for natural gas, high pressure;cubic meter;IT;natural gas, high pressure;ecoinvent_cutoff_3.9_remind_SSP1-Base_2020;;natural gas;"3520:Manufacture of gas; distribution of gaseous fuels through mains";12020: Natural gas, liquefied or in the gaseous state
40dd566f1c796455cbd281a2de5f44a5;market for phosphate rock, beneficiated;kilogram;US;phosphate rock, beneficiated;ecoinvent_cutoff_3.9_remind_SSP1-Base_2020;;phosphate rock;0891:Mining of chemical and fertilizer minerals;34629: Other phosphatic fertilizers, n.e.c.
3e30c3faf44cedb720e45de628f4ece8;market for bauxite;kilogram;GLO;bauxite;ecoinvent_cutoff_3.9_remind_SSP1-Base_2020;;bauxite;0729:Mining of other non-ferrous metal ores;14290: Other non-ferrous metal ores and concentrates (other than uranium or thorium ores and concentrates)
d314b1e29068be2ad3e1618ab5d43077;market for natural gas, low pressure;cubic meter;FR;natural gas, low pressure;ecoinvent_cutoff_3.9_remind_SSP1-Base_2020;;natural gas;"3520:Manufacture of gas; distribution of gaseous fuels through mains";69120: Gas distribution through mains (on own account)
40bccd8d0b93d2e058476865a14f0a52;market for natural gas, low pressure;cubic meter;RoE;natural gas, low pressure;ecoinvent_cutoff_3.9_remind_SSP1-Base_2020;;natural gas;"3520:Manufacture of gas; distribution of gaseous fuels through mains";69120: Gas distribution through mains (on own account)
1ffe09506f70be4dcd98071865e8a549;market for silicon, metallurgical grade;kilogram;GLO;silicon, metallurgical grade;ecoinvent_cutoff_3.9_remind_SSP1-Base_2020;;silicon;2420:Manufacture of basic precious and other non-ferrous metals;342: Basic inorganic chemicals n.e.c.
73a4483e483a28e471ceffb1e6ef8b0d;market for silicon, multi-Si, casted;kilogram;RoW;silicon, multi-Si, casted;ecoinvent_cutoff_3.9_remind_SSP1-Base_2020;;silicon;2011:Manufacture of basic chemicals;342: Basic inorganic chemicals n.e.c.
906119ef526cfb1c3d88757f685884e2;market for natural gas, high pressure;cubic meter;DZ;natural gas, high pressure;ecoinvent_cutoff_3.9_remind_SSP1-Base_2020;;natural gas;"3520:Manufacture of gas; distribution of gaseous fuels through mains";12020: Natural gas, liquefied or in the gaseous state
5cf6bc6429904adba152f551e0078299;market for natural gas, high pressure;cubic meter;USA;natural gas, high pressure;ecoinvent_cutoff_3.9_remind_SSP1-Base_2020;;natural gas;"3520:Manufacture of gas; distribution of gaseous fuels through mains";12020: Natural gas, liquefied or in the gaseous state
c3f8dcd117ff5691f137f0957f08e412;market for strontium sulfate, 90% SrSO4;kilogram;GLO;strontium sulfate, 90% SrSO4;ecoinvent_cutoff_3.9_remind_SSP1-Base_2020;;strontium;0729:Mining of other non-ferrous metal ores;14290: Other non-ferrous metal ores and concentrates (other than uranium or thorium ores and concentrates)
e92569a9c76900b1e3f270eeac725bb5;market for natural gas, low pressure;cubic meter;DE;natural gas, low pressure;ecoinvent_cutoff_3.9_remind_SSP1-Base_2020;;natural gas;"3520:Manufacture of gas; distribution of gaseous fuels through mains";69120: Gas distribution through mains (on own account)
23ac1a723dbb4098b80f40d29920eb39;market for natural gas, high pressure;cubic meter;EUR;natural gas, high pressure;ecoinvent_cutoff_3.9_remind_SSP1-Base_2020;;natural gas;"3520:Manufacture of gas; distribution of gaseous fuels through mains";12020: Natural gas, liquefied or in the gaseous state
092939308f558fa5308f5dc1d9f34451;market for natural gas, high pressure;cubic meter;JP;natural gas, high pressure;ecoinvent_cutoff_3.9_remind_SSP1-Base_2020;;natural gas;"3520:Manufacture of gas; distribution of gaseous fuels through mains";12020: Natural gas, liquefied or in the gaseous state
4b274eeccc10ba651ef286d31311ecb1;market for natural gas, high pressure;cubic meter;SA;natural gas, high pressure;ecoinvent_cutoff_3.9_remind_SSP1-Base_2020;;natural gas;"3520:Manufacture of gas; distribution of gaseous fuels through mains";12020: Natural gas, liquefied or in the gaseous state
4f8a3be553b94794aa5b0f99bb271d65;market for natural gas, high pressure;cubic meter;MEA;natural gas, high pressure;ecoinvent_cutoff_3.9_remind_SSP1-Base_2020;;natural gas;"3520:Manufacture of gas; distribution of gaseous fuels through mains";12020: Natural gas, liquefied or in the gaseous state
ffa4308820ee99e0ed078d95d529d837;market for petroleum;kilogram;Europe without Switzerland;petroleum;ecoinvent_cutoff_3.9_remind_SSP1-Base_2020;;petroleum;4661:Wholesale of solid, liquid and gaseous fuels and related products;12010: Petroleum oils and oils obtained from bituminous minerals, crude
160194493d01c6ba3b3048c2147c9378;market for natural gas, high pressure;cubic meter;BE;natural gas, high pressure;ecoinvent_cutoff_3.9_remind_SSP1-Base_2020;;natural gas;"3520:Manufacture of gas; distribution of gaseous fuels through mains";12020: Natural gas, liquefied or in the gaseous state
21f289ca8150d47229f9d6b839ec92ef;market for natural gas, high pressure;cubic meter;IQ;natural gas, high pressure;ecoinvent_cutoff_3.9_remind_SSP1-Base_2020;;natural gas;"3520:Manufacture of gas; distribution of gaseous fuels through mains";12020: Natural gas, liquefied or in the gaseous state
fc220c73a8fd0b18427b8906c0583178;market for hafnium sponge;kilogram;GLO;hafnium sponge;ecoinvent_cutoff_3.9_remind_SSP1-Base_2020;;hafnium;2420:Manufacture of basic precious and other non-ferrous metals;41601: Tungsten, molybdenum, tantalum, magnesium, cobalt, cadmium, titanium, zirconium, beryllium, gallium, hafnium, […]
e270f0f5b6204b8c0d5081c65b376444;market for natural gas, low pressure;cubic meter;CA;natural gas, low pressure;ecoinvent_cutoff_3.9_remind_SSP1-Base_2020;;natural gas;"3520:Manufacture of gas; distribution of gaseous fuels through mains";69120: Gas distribution through mains (on own account)
29d1c4a73720a7cdb66cb4d65900e445;market for natural gas, high pressure;cubic meter;RO;natural gas, high pressure;ecoinvent_cutoff_3.9_remind_SSP1-Base_2020;;natural gas;"3520:Manufacture of gas; distribution of gaseous fuels through mains";12020: Natural gas, liquefied or in the gaseous state
76979986d4e949bf884ca87789a97693;market for cement, unspecified;kilogram;SSA;cement, unspecified;ecoinvent_cutoff_3.9_remind_SSP1-Base_2020;;cement;2394:Manufacture of cement, lime and plaster;374: Plaster, lime and cement
3908c151979c4806b29c10e37a82a9f8;market for natural gas, high pressure;cubic meter;World;natural gas, high pressure;ecoinvent_cutoff_3.9_remind_SSP1-Base_2020;;natural gas;"3520:Manufacture of gas; distribution of gaseous fuels through mains";12020: Natural gas, liquefied or in the gaseous state
1192eabe3b864a1b810de651ac01815d;market for cement, unspecified;kilogram;MEA;cement, unspecified;ecoinvent_cutoff_3.9_remind_SSP1-Base_2020;;cement;2394:Manufacture of cement, lime and plaster;374: Plaster, lime and cement
56e3f89006ff1b973d5a440c3841a331;market for cement, unspecified;kilogram;IN;cement, unspecified;ecoinvent_cutoff_3.9_remind_SSP1-Base_2020;;cement;2394:Manufacture of cement, lime and plaster;374: Plaster, lime and cement
048fec064b254e1aa287b8f8a8ec3c3c;market for natural gas, high pressure;cubic meter;REF;natural gas, high pressure;ecoinvent_cutoff_3.9_remind_SSP1-Base_2020;;natural gas;"3520:Manufacture of gas; distribution of gaseous fuels through mains";12020: Natural gas, liquefied or in the gaseous state
cf3975674b45c9201c02c07569eb6d0a;market for natural gas, high pressure;cubic meter;AE;natural gas, high pressure;ecoinvent_cutoff_3.9_remind_SSP1-Base_2020;;natural gas;"3520:Manufacture of gas; distribution of gaseous fuels through mains";12020: Natural gas, liquefied or in the gaseous state
5fbddcb18d603dc3eb7572432db4c0ad;market for natural gas, high pressure;cubic meter;NL;natural gas, high pressure;ecoinvent_cutoff_3.9_remind_SSP1-Base_2020;;natural gas;"3520:Manufacture of gas; distribution of gaseous fuels through mains";12020: Natural gas, liquefied or in the gaseous state
0c68daf6455c3e7750a7d48e87f17f7a;market for tantalum concentrate, 30% Ta2O5;kilogram;GLO;tantalum concentrate, 30% Ta2O5;ecoinvent_cutoff_3.9_remind_SSP1-Base_2020;;tantalum;0729:Mining of other non-ferrous metal ores;41601: Tungsten, molybdenum, tantalum, magnesium, cobalt, cadmium, titanium, zirconium, beryllium, gallium, hafnium, […]
2b9d12f6560f4399a498349fe4788267;market for natural gas, high pressure;cubic meter;JPN;natural gas, high pressure;ecoinvent_cutoff_3.9_remind_SSP1-Base_2020;;natural gas;"3520:Manufacture of gas; distribution of gaseous fuels through mains";12020: Natural gas, liquefied or in the gaseous state
8c533000f0930a8bd674095041d96d69;market for natural gas, high pressure;cubic meter;RoW;natural gas, high pressure;ecoinvent_cutoff_3.9_remind_SSP1-Base_2020;;natural gas;"3520:Manufacture of gas; distribution of gaseous fuels through mains";12020: Natural gas, liquefied or in the gaseous state
1e9a730517bc9d12fb67c9976063bbfb;market for natural gas, high pressure;cubic meter;ID;natural gas, high pressure;ecoinvent_cutoff_3.9_remind_SSP1-Base_2020;;natural gas;"3520:Manufacture of gas; distribution of gaseous fuels through mains";12020: Natural gas, liquefied or in the gaseous state
d989fa993245d3aa22237f76c603a799;market for natural gas, high pressure;cubic meter;GB;natural gas, high pressure;ecoinvent_cutoff_3.9_remind_SSP1-Base_2020;;natural gas;"3520:Manufacture of gas; distribution of gaseous fuels through mains";12020: Natural gas, liquefied or in the gaseous state
a6f3597a3c9245b47db59643f4def5e5;market for silicon tetrahydride;kilogram;GLO;silicon tetrahydride;ecoinvent_cutoff_3.9_remind_SSP1-Base_2020;;silicon;2011:Manufacture of basic chemicals;342: Basic inorganic chemicals n.e.c.
ecddc793de057b056c38a2a378711ece;market for silicon carbide;kilogram;GLO;silicon carbide;ecoinvent_cutoff_3.9_remind_SSP1-Base_2020;;silicon;2391:Manufacture of refractory products;373: Refractory products and structural non-refractory clay products
34cb9bfd846dc277697e72765f16ec62;market for natural gas, high pressure;cubic meter;VE;natural gas, high pressure;ecoinvent_cutoff_3.9_remind_SSP1-Base_2020;;natural gas;"3520:Manufacture of gas; distribution of gaseous fuels through mains";12020: Natural gas, liquefied or in the gaseous state
36ee255c9326a9287812b59994bac393;market for hafnium tetrachloride;kilogram;GLO;hafnium tetrachloride;ecoinvent_cutoff_3.9_remind_SSP1-Base_2020;;hafnium;2420:Manufacture of basic precious and other non-ferrous metals;342: Basic inorganic chemicals n.e.c.
491549b2f0cee302298eaf61bdce8ae0;market for beryllium;kilogram;GLO;beryllium;ecoinvent_cutoff_3.9_remind_SSP1-Base_2020;;beryllium;242:Manufacture of basic precious and other non-ferrous metals;41601: Tungsten, molybdenum, tantalum, magnesium, cobalt, cadmium, titanium, zirconium, beryllium, gallium, hafnium, […]
4e2be66714e03521b81d7d93cff67d9d;market for natural gas, high pressure;cubic meter;MY;natural gas, high pressure;ecoinvent_cutoff_3.9_remind_SSP1-Base_2020;;natural gas;"3520:Manufacture of gas; distribution of gaseous fuels through mains";12020: Natural gas, liquefied or in the gaseous state
2ef550fab6f8f901fbcefc15c2cb314b;market for natural gas, low pressure;cubic meter;MX;natural gas, low pressure;ecoinvent_cutoff_3.9_remind_SSP1-Base_2020;;natural gas;"3520:Manufacture of gas; distribution of gaseous fuels through mains";69120: Gas distribution through mains (on own account)
7425cd92293f43cb81bc4c2f0e66de01;market for cement, unspecified;kilogram;JPN;cement, unspecified;ecoinvent_cutoff_3.9_remind_SSP1-Base_2020;;cement;2394:Manufacture of cement, lime and plaster;374: Plaster, lime and cement
fd7574eb0f9043bc9d818ef20b5e861f;market for cement, unspecified;kilogram;LAM;cement, unspecified;ecoinvent_cutoff_3.9_remind_SSP1-Base_2020;;cement;2394:Manufacture of cement, lime and plaster;374: Plaster, lime and cement
4c28de4114cc15a555d2c447878fb615;market for magnesium;kilogram;GLO;magnesium;ecoinvent_cutoff_3.9_remind_SSP1-Base_2020;;magnesium;2420:Manufacture of basic precious and other non-ferrous metals;41601: Tungsten, molybdenum, tantalum, magnesium, cobalt, cadmium, titanium, zirconium, beryllium, gallium, hafnium, […]
f05042bcb4734078bd7112452f30389c;market for cement, unspecified;kilogram;CAZ;cement, unspecified;ecoinvent_cutoff_3.9_remind_SSP1-Base_2020;;cement;2394:Manufacture of cement, lime and plaster;374: Plaster, lime and cement
50faad177fd95b72f6d2f5ea917e0692;market for tungsten concentrate;kilogram;GLO;tungsten concentrate;ecoinvent_cutoff_3.9_remind_SSP1-Base_2020;;tungsten;0729:Mining of other non-ferrous metal ores;14290: Other non-ferrous metal ores and concentrates (other than uranium or thorium ores and concentrates)
83d59e92e41741a19085ba27c50a01c7;market for natural gas, high pressure;cubic meter;CHA;natural gas, high pressure;ecoinvent_cutoff_3.9_remind_SSP1-Base_2020;;natural gas;"3520:Manufacture of gas; distribution of gaseous fuels through mains";12020: Natural gas, liquefied or in the gaseous state
e88d630d212aae3e62d77689310ee8de;market for natural gas, high pressure;cubic meter;SK;natural gas, high pressure;ecoinvent_cutoff_3.9_remind_SSP1-Base_2020;;natural gas;"3520:Manufacture of gas; distribution of gaseous fuels through mains";12020: Natural gas, liquefied or in the gaseous state
27f6ee8136367ae8e578ac1b5a988696;market for silicon, multi-Si, casted;kilogram;RER;silicon, multi-Si, casted;ecoinvent_cutoff_3.9_remind_SSP1-Base_2020;;silicon;2011:Manufacture of basic chemicals;342: Basic inorganic chemicals n.e.c.
7eba4555668563087546d146e049957d;market for cement, unspecified;kilogram;RoW;cement, unspecified;ecoinvent_cutoff_3.9_remind_SSP1-Base_2020;;cement;2394:Manufacture of cement, lime and plaster;374: Plaster, lime and cement
2e585b72b61f60b7425badee010955e3;market for natural gas, high pressure;cubic meter;CN;natural gas, high pressure;ecoinvent_cutoff_3.9_remind_SSP1-Base_2020;;natural gas;"3520:Manufacture of gas; distribution of gaseous fuels through mains";12020: Natural gas, liquefied or in the gaseous state
41e0c9c420386fd5a7b13bb3bb1ebdab;market for natural gas, high pressure;cubic meter;IE;natural gas, high pressure;ecoinvent_cutoff_3.9_remind_SSP1-Base_2020;;natural gas;"3520:Manufacture of gas; distribution of gaseous fuels through mains";12020: Natural gas, liquefied or in the gaseous state
d1209a1c88bfcdc9fcb8f31c487f0b3d;market for rare earth carbonate concentrate;kilogram;GLO;rare earth carbonate concentrate;ecoinvent_cutoff_3.9_remind_SSP1-Base_2020;;rare earth;0729:Mining of other non-ferrous metal ores;34290: Compounds of rare earth metals, of yttrium or of scandium
e7e751b79636caff3689880ed4426e1b;market for ferroniobium, 66% Nb;kilogram;GLO;ferroniobium, 66% Nb;ecoinvent_cutoff_3.9_remind_SSP1-Base_2020;;niobium;2410:Manufacture of basic iron and steel;41115: Other ferro-alloys
c7cf571e5175aa5d01e44a386009bcec;market for petroleum;kilogram;RoW;petroleum;ecoinvent_cutoff_3.9_remind_SSP1-Base_2020;;petroleum;4661:Wholesale of solid, liquid and gaseous fuels and related products;12010: Petroleum oils and oils obtained from bituminous minerals, crude
4347b9665d0aea69c7956fa09ac8db07;market for nickel, class 1;kilogram;GLO;nickel, class 1;ecoinvent_cutoff_3.9_remind_SSP1-Base_2020;;nickel;2420:Manufacture of basic precious and other non-ferrous metals;41422: Unwrought nickel
a23ff5a5512f239248b86d5706a7c4e4;market for latex;kilogram;RoW;latex;ecoinvent_cutoff_3.9_remind_SSP1-Base_2020;;latex;2013:Manufacture of plastics and synthetic rubber in primary forms;"34790: Other plastics in primary forms; ion exchangers"
2f3da839f70e544e18c132d6794f9286;market for natural gas, high pressure;cubic meter;EC;natural gas, high pressure;ecoinvent_cutoff_3.9_remind_SSP1-Base_2020;;natural gas;"3520:Manufacture of gas; distribution of gaseous fuels through mains";12020: Natural gas, liquefied or in the gaseous state
07825e16eaf1c4bbcf13bc56420aee28;market for sand;kilogram;IN;sand;ecoinvent_cutoff_3.9_remind_SSP1-Base_2020;;sand;0810:Quarrying of stone, sand and clay;15310: Natural sands
98916038b56e9f9d8144eb118f5a0dd0;market for lithium carbonate;kilogram;GLO;lithium carbonate;ecoinvent_cutoff_3.9_remind_SSP1-Base_2020;;lithium;2011:Manufacture of basic chemicals;"34240: Phosphates of triammonium; salts and peroxysalts of inorganic acids and metals n.e.c."
5d0352ec7e924642a6437816b54140d2;market for natural gas, high pressure;cubic meter;SSA;natural gas, high pressure;ecoinvent_cutoff_3.9_remind_SSP1-Base_2020;;natural gas;"3520:Manufacture of gas; distribution of gaseous fuels through mains";12020: Natural gas, liquefied or in the gaseous state
234bef98671292c886679c2bf2528f1f;market for zinc;kilogram;GLO;zinc;ecoinvent_cutoff_3.9_remind_SSP1-Base_2020;;zinc;2420:Manufacture of basic precious and other non-ferrous metals;41442: Zinc, unwrought
683c871038aaa454a18c4f913eef655c;market for silicon, single crystal, Czochralski process, photovoltaics;kilogram;RER;silicon, single crystal, Czochralski process, photovoltaics;ecoinvent_cutoff_3.9_remind_SSP1-Base_2020;;silicon;2011:Manufacture of basic chemicals;34: Basic chemicals
337dfb767bd83ad05cd3a91d812cd04b;market for rare earth oxide concentrate, 70% REO;kilogram;GLO;rare earth oxide concentrate, 70% REO;ecoinvent_cutoff_3.9_remind_SSP1-Base_2020;;rare earth;0729:Mining of other non-ferrous metal ores;34290: Compounds of rare earth metals, of yttrium or of scandium
72c658c580d76797ae9f9dcf32b23e70;market for natural gas, high pressure;cubic meter;TR;natural gas, high pressure;ecoinvent_cutoff_3.9_remind_SSP1-Base_2020;;natural gas;"3520:Manufacture of gas; distribution of gaseous fuels through mains";12020: Natural gas, liquefied or in the gaseous state
c1d640ff8fbdfe4c82fc24666478ebf4;market for silicon, multi-Si, casted;kilogram;CA-QC;silicon, multi-Si, casted;ecoinvent_cutoff_3.9_remind_SSP1-Base_2020;;silicon;2011:Manufacture of basic chemicals;342: Basic inorganic chemicals n.e.c.
7845ed1832169311d801fdda085439ff;market for natural gas, high pressure;cubic meter;AZ;natural gas, high pressure;ecoinvent_cutoff_3.9_remind_SSP1-Base_2020;;natural gas;"3520:Manufacture of gas; distribution of gaseous fuels through mains";12020: Natural gas, liquefied or in the gaseous state
5e026a91d2aa6eccd3f0a0241bc59263;market for natural gas, low pressure;cubic meter;ES;natural gas, low pressure;ecoinvent_cutoff_3.9_remind_SSP1-Base_2020;;natural gas;"3520:Manufacture of gas; distribution of gaseous fuels through mains";69120: Gas distribution through mains (on own account)
80fcca8589fedf2ca441140bb8c913e6;market for petroleum;kilogram;RNA;petroleum;ecoinvent_cutoff_3.9_remind_SSP1-Base_2020;;petroleum;4661:Wholesale of solid, liquid and gaseous fuels and related products;12010: Petroleum oils and oils obtained from bituminous minerals, crude
9f47bcddd7fe43f6a525896fec40fcb4;market for natural gas, high pressure;cubic meter;CAZ;natural gas, high pressure;ecoinvent_cutoff_3.9_remind_SSP1-Base_2020;;natural gas;"3520:Manufacture of gas; distribution of gaseous fuels through mains";12020: Natural gas, liquefied or in the gaseous state
4c47fb2e57f28bb0ec8f613c349a16d5;market for silicon, single crystal, Czochralski process, electronics;kilogram;RoW;silicon, single crystal, Czochralski process, electronics;ecoinvent_cutoff_3.9_remind_SSP1-Base_2020;;silicon;2011:Manufacture of basic chemicals;342: Basic inorganic chemicals n.e.c.
8a4083433d869c12677962c263c7dc26;market for cement, unspecified;kilogram;Europe without Switzerland;cement, unspecified;ecoinvent_cutoff_3.9_remind_SSP1-Base_2020;;cement;2394:Manufacture of cement, lime and plaster;374: Plaster, lime and cement
6d673652ae29f74dc59fb0fc229bf6db;market for copper, anode;kilogram;GLO;copper, anode;ecoinvent_cutoff_3.9_remind_SSP1-Base_2020;;copper;2420:Manufacture of basic precious and other non-ferrous metals;"41412: Unrefined copper; copper anodes for electrolytic refining"
6a60dc6386928f379bff65ad8c801001;market for natural gas, high pressure;cubic meter;CH;natural gas, high pressure;ecoinvent_cutoff_3.9_remind_SSP1-Base_2020;;natural gas;"3520:Manufacture of gas; distribution of gaseous fuels through mains";12020: Natural gas, liquefied or in the gaseous state
8bbfb16c26702eeb206094df6b7d01fc;market for natural gas, high pressure;cubic meter;CO;natural gas, high pressure;ecoinvent_cutoff_3.9_remind_SSP1-Base_2020;;natural gas;"3520:Manufacture of gas; distribution of gaseous fuels through mains";12020: Natural gas, liquefied or in the gaseous state
3790717ef5694f4d97d9a8534ae3ce46;market for natural gas, high pressure;cubic meter;NEU;natural gas, high pressure;ecoinvent_cutoff_3.9_remind_SSP1-Base_2020;;natural gas;"3520:Manufacture of gas; distribution of gaseous fuels through mains";12020: Natural gas, liquefied or in the gaseous state
987ab6e22610dd0b21058aecfb826fbd;market for natural gas, low pressure;cubic meter;CH;natural gas, low pressure;ecoinvent_cutoff_3.9_remind_SSP1-Base_2020;;natural gas;"3520:Manufacture of gas; distribution of gaseous fuels through mains";69120: Gas distribution through mains (on own account)
402b722aa4a63d94ac64b2ea9e9e1054;market for coke;megajoule;GLO;coke;ecoinvent_cutoff_3.9_remind_SSP1-Base_2020;;coke;1910:Manufacture of coke oven products;"33100: Coke and semi-coke of coal, of lignite or of peat; retort carbon"
8b62f30ed586a5f23611ef196cc97b93;market for copper, cathode;kilogram;GLO;copper, cathode;ecoinvent_cutoff_3.9_remind_SSP1-Base_2020;;copper;2420:Manufacture of basic precious and other non-ferrous metals;"41413: Refined copper and copper alloys, unwrought; master alloys of copper"
dc8d0f06af3874b8c214e6df0e55fdd1;market for natural gas, low pressure;cubic meter;IT;natural gas, low pressure;ecoinvent_cutoff_3.9_remind_SSP1-Base_2020;;natural gas;"3520:Manufacture of gas; distribution of gaseous fuels through mains";69120: Gas distribution through mains (on own account)
94a5c543e7175166ce36e3daefea8e72;market for lithium sulfate;kilogram;GLO;lithium sulfate;ecoinvent_cutoff_3.9_remind_SSP1-Base_2020;;lithium;2011:Manufacture of basic chemicals;342: Basic inorganic chemicals n.e.c.
56673abed84e84127218c13c4e72a080;market for natural gas, high pressure;cubic meter;KZ;natural gas, high pressure;ecoinvent_cutoff_3.9_remind_SSP1-Base_2020;;natural gas;"3520:Manufacture of gas; distribution of gaseous fuels through mains";12020: Natural gas, liquefied or in the gaseous state
391ef6581ff8b52c9cefbb7af4d72fbe;market for cement, unspecified;kilogram;CO;cement, unspecified;ecoinvent_cutoff_3.9_remind_SSP1-Base_2020;;cement;2394:Manufacture of cement, lime and plaster;374: Plaster, lime and cement
323cd73b773846c5a56321493b9dccd9;market for natural gas, high pressure;cubic meter;LAM;natural gas, high pressure;ecoinvent_cutoff_3.9_remind_SSP1-Base_2020;;natural gas;"3520:Manufacture of gas; distribution of gaseous fuels through mains";12020: Natural gas, liquefied or in the gaseous state
76253aca7f4c45701935634546516c34;market for silicon, single crystal, Czochralski process, electronics;kilogram;RER;silicon, single crystal, Czochralski process, electronics;ecoinvent_cutoff_3.9_remind_SSP1-Base_2020;;silicon;2011:Manufacture of basic chemicals;342: Basic inorganic chemicals n.e.c.
de03d27ded836711c700f636845168d5;market for sodium borates;kilogram;GLO;sodium borates;ecoinvent_cutoff_3.9_remind_SSP1-Base_2020;;borates;0891:Mining of chemical and fertilizer minerals;16190: Other chemical minerals
d8acd5a44ca256e03a0b1cb5b6c21484;market for natural gas, low pressure;cubic meter;BE;natural gas, low pressure;ecoinvent_cutoff_3.9_remind_SSP1-Base_2020;;natural gas;"3520:Manufacture of gas; distribution of gaseous fuels through mains";69120: Gas distribution through mains (on own account)
9e763090c5bd2d9dc4c8714f6135d0c2;market for natural gas, high pressure;cubic meter;NG;natural gas, high pressure;ecoinvent_cutoff_3.9_remind_SSP1-Base_2020;;natural gas;"3520:Manufacture of gas; distribution of gaseous fuels through mains";12020: Natural gas, liquefied or in the gaseous state
0edf3a3e46a7b5860372df55f7c99872;market for palladium;kilogram;GLO;palladium;ecoinvent_cutoff_3.9_remind_SSP1-Base_2020;;palladium;2420:Manufacture of basic precious and other non-ferrous metals;"4160: Other non-ferrous metals and articles thereof (including waste and scrap of some metals); cermets and articles […]"
d64be106f6801c2c9d6a94bed1e4f893;market for cement, unspecified;kilogram;ZA;cement, unspecified;ecoinvent_cutoff_3.9_remind_SSP1-Base_2020;;cement;2394:Manufacture of cement, lime and plaster;374: Plaster, lime and cement
af7929b977949d47873d533201e9c654;market for natural gas, high pressure;cubic meter;ES;natural gas, high pressure;ecoinvent_cutoff_3.9_remind_SSP1-Base_2020;;natural gas;"3520:Manufacture of gas; distribution of gaseous fuels through mains";12020: Natural gas, liquefied or in the gaseous state
b9ed569ca351f4620cfe5b8fbd1e3bb7;market for natural gas, high pressure;cubic meter;FI;natural gas, high pressure;ecoinvent_cutoff_3.9_remind_SSP1-Base_2020;;natural gas;"3520:Manufacture of gas; distribution of gaseous fuels through mains";12020: Natural gas, liquefied or in the gaseous state
c242991b7fdf4a7293550c2cdb338deb;market for cement, unspecified;kilogram;World;cement, unspecified;ecoinvent_cutoff_3.9_remind_SSP1-Base_2020;;cement;2394:Manufacture of cement, lime and plaster;374: Plaster, lime and cement
d324aeab28dcbaa4635f5ed8a617cd7f;market for natural gas, high pressure;cubic meter;US;natural gas, high pressure;ecoinvent_cutoff_3.9_remind_SSP1-Base_2020;;natural gas;"3520:Manufacture of gas; distribution of gaseous fuels through mains";12020: Natural gas, liquefied or in the gaseous state
6eb08a7183a7d47abc2fe15a924aa4f1;market for natural gas, low pressure;cubic meter;TR;natural gas, low pressure;ecoinvent_cutoff_3.9_remind_SSP1-Base_2020;;natural gas;"3520:Manufacture of gas; distribution of gaseous fuels through mains";69120: Gas distribution through mains (on own account)
1df7aad9fc180c144b0950748ebe90be;market for silicon, solar grade;kilogram;GLO;silicon, solar grade;ecoinvent_cutoff_3.9_remind_SSP1-Base_2020;;silicon;2011:Manufacture of basic chemicals;342: Basic inorganic chemicals n.e.c.
510f6e017731c9d64259a7e2bc0b5f7c;market for natural gas, high pressure;cubic meter;IR;natural gas, high pressure;ecoinvent_cutoff_3.9_remind_SSP1-Base_2020;;natural gas;"3520:Manufacture of gas; distribution of gaseous fuels through mains";12020: Natural gas, liquefied or in the gaseous state
18834ad8984de59cb73fd125b10c9bc0;market for phosphate rock, beneficiated;kilogram;MA;phosphate rock, beneficiated;ecoinvent_cutoff_3.9_remind_SSP1-Base_2020;;phosphate rock;0891:Mining of chemical and fertilizer minerals;34629: Other phosphatic fertilizers, n.e.c.
3515d441ecbc40a09be85e52918ce161;market for cement, unspecified;kilogram;CHA;cement, unspecified;ecoinvent_cutoff_3.9_remind_SSP1-Base_2020;;cement;2394:Manufacture of cement, lime and plaster;374: Plaster, lime and cement
ed41c55076eebb7fa013c9134e203b90;market for cement, unspecified;kilogram;BR;cement, unspecified;ecoinvent_cutoff_3.9_remind_SSP1-Base_2020;;cement;2394:Manufacture of cement, lime and plaster;374: Plaster, lime and cement
068b36f8228f2274f30e3f2a4021de4b;market for fluorspar, 97% purity;kilogram;GLO;fluorspar, 97% purity;ecoinvent_cutoff_3.9_remind_SSP1-Base_2020;;fluorspar;0891:Mining of chemical and fertilizer minerals;16190: Other chemical minerals
5fc5f4ad7af6554959c68329538a1d27;market for phosphate rock, beneficiated;kilogram;RoW;phosphate rock, beneficiated;ecoinvent_cutoff_3.9_remind_SSP1-Base_2020;;phosphate rock;0891:Mining of chemical and fertilizer minerals;34629: Other phosphatic fertilizers, n.e.c.
4493d6ebe7d2b80501f30fb24074e0d3;market for natural gas, high pressure;cubic meter;SE;natural gas, high pressure;ecoinvent_cutoff_3.9_remind_SSP1-Base_2020;;natural gas;"3520:Manufacture of gas; distribution of gaseous fuels through mains";12020: Natural gas, liquefied or in the gaseous state
bd271148459d2f12de53c6f9a5fddba1;market for phosphate rock, beneficiated;kilogram;RER;phosphate rock, beneficiated;ecoinvent_cutoff_3.9_remind_SSP1-Base_2020;;phosphate rock;0891:Mining of chemical and fertilizer minerals;34629: Other phosphatic fertilizers, n.e.c.
5aa89f7d8e48487e99415d58d0e975a8;market for natural gas, high pressure;cubic meter;IND;natural gas, high pressure;ecoinvent_cutoff_3.9_remind_SSP1-Base_2020;;natural gas;"3520:Manufacture of gas; distribution of gaseous fuels through mains";12020: Natural gas, liquefied or in the gaseous state
72f0fb1669cc82aed89e97ac2d612d0b;market for sand;kilogram;RoW;sand;ecoinvent_cutoff_3.9_remind_SSP1-Base_2020;;sand;0810:Quarrying of stone, sand and clay;15310: Natural sands
7bdb2ad743374808b6ec374c36019744;market for cement, unspecified;kilogram;REF;cement, unspecified;ecoinvent_cutoff_3.9_remind_SSP1-Base_2020;;cement;2394:Manufacture of cement, lime and plaster;374: Plaster, lime and cement
a7555dee1e40b2d525daa09bc000a1cb;market for natural gas, high pressure;cubic meter;CZ;natural gas, high pressure;ecoinvent_cutoff_3.9_remind_SSP1-Base_2020;;natural gas;"3520:Manufacture of gas; distribution of gaseous fuels through mains";12020: Natural gas, liquefied or in the gaseous state
e452e6c116f943aabcee732750337ca6;market for cement, unspecified;kilogram;NEU;cement, unspecified;ecoinvent_cutoff_3.9_remind_SSP1-Base_2020;;cement;2394:Manufacture of cement, lime and plaster;374: Plaster, lime and cement
3ceeb06cd08285f2c7244945bf1a8478;market for natural gas, low pressure;cubic meter;GB;natural gas, low pressure;ecoinvent_cutoff_3.9_remind_SSP1-Base_2020;;natural gas;"3520:Manufacture of gas; distribution of gaseous fuels through mains";69120: Gas distribution through mains (on own account)
e82e91c0b572e044b71a69b32bf53388;market for silver;kilogram;GLO;silver;ecoinvent_cutoff_3.9_remind_SSP1-Base_2020;;silver;0729:Mining of other non-ferrous metal ores;41310: Silver (including silver plated with gold or platinum), unwrought or in semi-manufactured forms, or in powder […]
f1d5de00687347350cca9ae465fedb15;market for natural gas, high pressure;cubic meter;FR;natural gas, high pressure;ecoinvent_cutoff_3.9_remind_SSP1-Base_2020;;natural gas;"3520:Manufacture of gas; distribution of gaseous fuels through mains";12020: Natural gas, liquefied or in the gaseous state
90aa1cf7ab6b25320d33a20c3150da18;market for platinum;kilogram;GLO;platinum;ecoinvent_cutoff_3.9_remind_SSP1-Base_2020;;platinum;2420:Manufacture of basic precious and other non-ferrous metals;41330: Platinum, unwrought or in semi-manufactured forms, or in powder form
356ed01a85736ea36731aa23124e2fbb;market for rhodium;kilogram;GLO;rhodium;ecoinvent_cutoff_3.9_remind_SSP1-Base_2020;;rhodium;2420:Manufacture of basic precious and other non-ferrous metals;"4160: Other non-ferrous metals and articles thereof (including waste and scrap of some metals); cermets and articles […]"
